,p_val,avg_log2FC,pct.1,pct.2,p_val_adj,cluster,gene
Cd74,0,2.27252388225136,0.97,0.239,0,0,Cd74
Igkc,0,2.4921317552521,0.889,0.209,0,0,Igkc
H2-Ab1,0,2.32298764369571,0.768,0.198,0,0,H2-Ab1
Ighd,0,2.75762563525477,0.677,0.155,0,0,Ighd
H2-Aa,0,2.15255137658654,0.669,0.186,0,0,H2-Aa
Ighm,0,2.26028188193562,0.636,0.216,0,0,Ighm
Ms4a1,0,2.68694477805416,0.538,0.142,0,0,Ms4a1
Ly6d,0,2.74675946839293,0.497,0.128,0,0,Ly6d
H2-Eb1,0,2.10906669999055,0.529,0.164,0,0,H2-Eb1
Iglc2,0,2.39071541515872,0.446,0.129,0,0,Iglc2
Cd79b,0,2.35586621755653,0.45,0.14,0,0,Cd79b
Rps19,0,0.933393778694334,0.793,0.503,0,0,Rps19
Iglc3,0,2.44519033964345,0.415,0.125,0,0,Iglc3
Bank1,0,2.68881686669987,0.331,0.097,0,0,Bank1
Rps24,0,0.770889050692665,0.715,0.505,0,0,Rps24
Macf1,0,1.77930821967051,0.473,0.266,0,0,Macf1
Rps15a,0,0.767885573260438,0.698,0.492,0,0,Rps15a
Cd79a,0,2.63499543349061,0.285,0.087,0,0,Cd79a
Rpl13,0,0.755663547406801,0.721,0.524,0,0,Rpl13
Ralgps2,0,2.79110895282446,0.262,0.076,0,0,Ralgps2
mt-Cytb,0,1.25919302441696,0.56,0.394,0,0,mt-Cytb
Rps27,0,0.901419723194969,0.857,0.706,0,0,Rps27
Rpl18a,0,0.867548963686374,0.687,0.544,0,0,Rpl18a
mt-Rnr1,0,1.03847774420958,0.878,0.758,0,0,mt-Rnr1
mt-Rnr2,0,1.16190673923897,0.999,0.991,0,0,mt-Rnr2
Rps5,7.22710575102924e-296,0.823913098674572,0.659,0.474,1.16898435522898e-291,0,Rps5
Ly6e,2.3793088671372e-283,1.05362256223149,0.593,0.49,3.84853209259442e-279,0,Ly6e
Rpl4,1.53110407816158e-265,0.887682205304533,0.607,0.456,2.47656084642636e-261,0,Rpl4
Rps4x,2.78228102924259e-250,0.833948771322146,0.599,0.439,4.5003395647999e-246,0,Rps4x
Rps20,4.40776203214665e-225,0.894984279762131,0.544,0.39,7.12955508699721e-221,0,Rps20
Rps14,2.04309191828374e-212,0.566994456338034,0.742,0.619,3.30470117782395e-208,0,Rps14
Filip1l,2.90294909031578e-205,1.85365270028341,0.257,0.131,4.69552015358577e-201,0,Filip1l
Rps15,3.92656541899699e-198,0.84631122390461,0.555,0.428,6.35121956522763e-194,0,Rps15
Ptma,3.93921086463969e-193,1.26599245930331,0.41,0.292,6.37167357355469e-189,0,Ptma
mt-Nd1,3.89071834436411e-190,1.23740600399927,0.412,0.293,6.29323692200895e-186,0,mt-Nd1
mt-Nd5,3.74647122602786e-187,1.41906933833938,0.37,0.253,6.05991720810007e-183,0,mt-Nd5
Rpl26,3.00471096342334e-186,0.762869391199373,0.592,0.48,4.86011998333725e-182,0,Rpl26
Rps29,1.41337712012046e-185,0.653117986357422,0.653,0.56,2.28613749179485e-181,0,Rps29
Ets1,9.27805801391503e-181,1.69167908951272,0.263,0.144,1.50072588375076e-176,0,Ets1
Rpl37a,5.12634295630916e-180,0.755082572971,0.596,0.504,8.29185973183007e-176,0,Rpl37a
Rps8,1.97443532460385e-178,0.742573756966209,0.579,0.452,3.19364913754673e-174,0,Rps8
Rps3a1,1.83768140190796e-171,0.718767082775095,0.583,0.475,2.97244966758612e-167,0,Rps3a1
Rpl14,4.76644038385005e-168,0.767173184690874,0.533,0.404,7.70971732087745e-164,0,Rpl14
Rpl21,1.71671839893182e-162,0.850433992056875,0.51,0.403,2.77679201027222e-158,0,Rpl21
Rpl32,6.3501798139032e-158,0.61530113054302,0.601,0.459,1.02714158489884e-153,0,Rpl32
Rps18,6.82335948243733e-157,0.667450358493655,0.551,0.41,1.10367839628424e-152,0,Rps18
Eef1a1,1.21340163457863e-148,0.620657630615753,0.603,0.501,1.96267714393094e-144,0,Eef1a1
Rps3,4.52298691702673e-145,0.607348746923552,0.615,0.529,7.31593133829074e-141,0,Rps3
Ptprcap,1.65805161810806e-144,1.53777791871053,0.25,0.144,2.68189849228978e-140,0,Ptprcap
Rps7,4.29944191676822e-134,0.654100050911905,0.546,0.443,6.9543473003726e-130,0,Rps7
H2-K1,2.64509792179131e-128,0.772415529356851,0.496,0.42,4.27844588849745e-124,0,H2-K1
Rpl8,3.6733010229654e-121,0.728931171893317,0.517,0.432,5.94156440464654e-117,0,Rpl8
mt-Nd2,3.80128824579199e-121,1.37586472542958,0.301,0.21,6.14858373756854e-117,0,mt-Nd2
Rps21,4.39127690326696e-121,0.707981425526826,0.53,0.453,7.10289039103431e-117,0,Rps21
Cd37,1.41491820865472e-118,1.33901417345365,0.34,0.264,2.28863020249901e-114,0,Cd37
Rps26,4.03776120513445e-118,0.681590445510182,0.531,0.448,6.53107874930498e-114,0,Rps26
Rps13,2.51779800216033e-116,0.661062966744161,0.55,0.483,4.07253826849433e-112,0,Rps13
Shisa5,1.51484648240405e-110,1.05786987487212,0.406,0.348,2.45026418528855e-106,0,Shisa5
Hsp90ab1,1.77352010474443e-107,0.916843401721798,0.419,0.343,2.86866876942412e-103,0,Hsp90ab1
Rplp2,3.64290799817883e-107,0.573401754829899,0.556,0.479,5.89240368705426e-103,0,Rplp2
Rpl5,4.57830524369777e-106,0.770337534125594,0.433,0.351,7.40540873168115e-102,0,Rpl5
Rpl11,1.15395049627393e-99,0.721783094840813,0.488,0.425,1.86651492772308e-95,0,Rpl11
Rpl19,6.93127553420026e-99,0.722111163311185,0.471,0.397,1.12113381765689e-94,0,Rpl19
Rpl17,1.37270897833486e-98,0.612099175449241,0.555,0.511,2.22035677245663e-94,0,Rpl17
mt-Co1,6.05491519946897e-95,0.873426082581804,0.472,0.45,9.79382533514105e-91,0,mt-Co1
Rpl23,6.57390265230515e-89,0.648282261097817,0.495,0.436,1.06332875401036e-84,0,Rpl23
Rpl27a,8.11150084797332e-85,0.666601991756872,0.494,0.448,1.31203526215968e-80,0,Rpl27a
Rpl12,5.55661698302764e-84,0.677269680985729,0.402,0.317,8.98782797004721e-80,0,Rpl12
Rps28,7.89850547585528e-83,0.645919228242701,0.448,0.371,1.27758326071959e-78,0,Rps28
Rpl3,1.75762842181009e-81,0.715118657664569,0.413,0.336,2.84296397227782e-77,0,Rpl3
Serbp1,1.90714602614437e-81,1.07872998517841,0.326,0.261,3.08480869728852e-77,0,Serbp1
Rpl34,2.5012727304755e-72,0.627299642219611,0.502,0.475,4.04580864154413e-68,0,Rpl34
Rps23,6.53332355941906e-69,0.500507289940558,0.532,0.482,1.05676508573603e-64,0,Rps23
Rps11,9.05557733435604e-68,0.541426908000834,0.515,0.471,1.46473963383209e-63,0,Rps11
Rpl39,5.78394671989696e-66,0.710496179517015,0.422,0.377,9.35553381943333e-62,0,Rpl39
Rpl23a,1.27534916596609e-60,0.553059964554369,0.487,0.451,2.06287727595015e-56,0,Rpl23a
Rpl35a,6.5965663971889e-59,0.617632122317033,0.464,0.441,1.0669946147453e-54,0,Rpl35a
Rpl36,1.15715121795811e-54,0.801621538913021,0.353,0.309,1.87169209504724e-50,0,Rpl36
Rps17,8.27777637432012e-50,0.630759341437947,0.4,0.359,1.33893032854628e-45,0,Rps17
Rpl35,2.09562014443663e-48,0.764109823993216,0.347,0.306,3.38966558362624e-44,0,Rpl35
Rpsa,6.73194063561711e-45,0.557324728406752,0.402,0.355,1.08889139781107e-40,0,Rpsa
Rpl7,7.08947691439431e-45,0.715105545336153,0.394,0.379,1.14672289090328e-40,0,Rpl7
Rps6,4.48852895128409e-43,0.570768454697052,0.422,0.393,7.26019557870202e-39,0,Rps6
Rpl9,3.08343582363408e-42,0.524182519515061,0.491,0.499,4.98745744472812e-38,0,Rpl9
Rpl27,1.70818239212436e-41,0.670268531352368,0.397,0.385,2.76298501926116e-37,0,Rpl27
Srrm2,8.56575283919958e-41,0.920822273052828,0.329,0.31,1.38551052174053e-36,0,Srrm2
Rack1,1.71613580428996e-40,0.679984192465896,0.363,0.334,2.77584966343901e-36,0,Rack1
Itsn2,1.72338239237801e-39,1.20792805879507,0.253,0.218,2.78757101967143e-35,0,Itsn2
Rpl6,4.32908592125465e-39,0.71537167259846,0.372,0.353,7.0022964776294e-35,0,Rpl6
Rpl36a,8.8625066461778e-39,0.679732287620332,0.321,0.281,1.43351045001926e-34,0,Rpl36a
Rpl22,2.29685322182254e-38,0.816156390206027,0.324,0.296,3.71516008629795e-34,0,Rpl22
Rpl38,1.99667872118456e-33,0.682988653236278,0.351,0.332,3.22962783151602e-29,0,Rpl38
Rpl31,2.31901725842705e-33,0.646870187590865,0.38,0.369,3.75101041550576e-29,0,Rpl31
Rpl30,6.48147842356732e-26,0.549957153605681,0.391,0.391,1.04837913501201e-21,0,Rpl30
Hnrnpa2b1,2.69635339034523e-23,0.878164169940475,0.307,0.306,4.36135160888342e-19,0,Hnrnpa2b1
Rps10,5.6017353289158e-23,0.55807551882933,0.382,0.387,9.06080689452131e-19,0,Rps10
Rpl18,1.16922557730074e-22,0.598200258052317,0.351,0.346,1.89122237128395e-18,0,Rpl18
Rps2,6.94402941677707e-22,0.540923852908004,0.354,0.342,1.12319675816369e-17,0,Rps2
Syk,7.89221789513348e-22,0.944670927722151,0.284,0.28,1.27656624453784e-17,0,Syk
Uba52,4.15163153754405e-18,0.737211500051449,0.285,0.282,6.7152640119775e-14,0,Uba52
Cxcr2,0,1.97185214485851,0.833,0.296,0,1,Cxcr2
Retnlg,0,1.50131213929741,0.917,0.383,0,1,Retnlg
Ifitm1,0,1.62602158782424,0.843,0.31,0,1,Ifitm1
Il1b,0,2.22874816057975,0.782,0.271,0,1,Il1b
Wfdc17,0,1.64829096004242,0.919,0.412,0,1,Wfdc17
S100a11,0,1.52320538291725,0.932,0.431,0,1,S100a11
Slpi,0,1.7782528266336,0.788,0.312,0,1,Slpi
Wfdc21,0,1.48714808373456,0.79,0.324,0,1,Wfdc21
Alox5ap,0,1.31007800361977,0.846,0.407,0,1,Alox5ap
Hp,0,1.51024500529496,0.796,0.367,0,1,Hp
Tyrobp,0,1.36197824773437,0.872,0.453,0,1,Tyrobp
S100a9,0,1.5163888552679,0.999,0.588,0,1,S100a9
Ifitm2,0,1.44906576486622,0.768,0.364,0,1,Ifitm2
Msrb1,0,1.55840767735107,0.774,0.371,0,1,Msrb1
Ccl6,0,1.47979646431728,0.709,0.337,0,1,Ccl6
Lrg1,0,1.4123953052064,0.642,0.283,0,1,Lrg1
S100a6,0,1.21926698436439,0.759,0.406,0,1,S100a6
Lcn2,0,1.18475151571085,0.627,0.281,0,1,Lcn2
Srgn,0,1.40207808367947,0.894,0.553,0,1,Srgn
Gda,0,1.715739804877,0.636,0.3,0,1,Gda
S100a8,0,1.58227891964492,0.999,0.664,0,1,S100a8
Lcp1,0,1.42121412690896,0.857,0.536,0,1,Lcp1
Mxd1,0,1.87963039409157,0.526,0.225,0,1,Mxd1
Clec7a,0,1.85049913645379,0.543,0.251,0,1,Clec7a
Anxa2,0,1.31725269787547,0.625,0.345,0,1,Anxa2
Anxa1,0,1.30232925030558,0.556,0.294,0,1,Anxa1
Csf3r,0,1.84286079250437,0.455,0.2,0,1,Csf3r
Fxyd5,0,1.34428797779854,0.662,0.409,0,1,Fxyd5
Lilr4b,0,1.72220872461565,0.435,0.206,0,1,Lilr4b
Nudt4,0,2.05459997879224,0.406,0.18,0,1,Nudt4
Pglyrp1,0,1.35133421554649,0.476,0.256,0,1,Pglyrp1
Gsr,0,1.72002790363122,0.446,0.228,0,1,Gsr
Hmgb2,0,1.47394227293597,0.526,0.31,0,1,Hmgb2
Dusp1,0,1.62883500250791,0.431,0.215,0,1,Dusp1
Pla2g7,0,1.61631177170388,0.446,0.23,0,1,Pla2g7
Zyx,0,1.50388887726583,0.471,0.259,0,1,Zyx
Tpd52,0,1.3940089823815,0.514,0.307,0,1,Tpd52
Fth1,0,0.966637550510343,0.86,0.718,0,1,Fth1
Actb,0,0.71610718825895,0.993,0.939,0,1,Actb
Prr13,1.04388459957307e-307,1.2285498056134,0.548,0.339,1.68848333980943e-303,1,Prr13
Tmsb4x,6.49524088921464e-307,0.527762205464224,0.971,0.897,1.05060521383047e-302,1,Tmsb4x
Taldo1,5.03806950937486e-306,1.22320291354504,0.549,0.344,8.14907743141383e-302,1,Taldo1
Fcer1g,5.66936657357319e-302,1.01212655250264,0.619,0.385,9.17020043275463e-298,1,Fcer1g
Ccr1,2.64963249712471e-293,1.77778010362965,0.371,0.182,4.28578056409922e-289,1,Ccr1
Slfn1,2.4924003067466e-279,1.57776820849281,0.418,0.229,4.03145749616262e-275,1,Slfn1
Stfa2l1,8.12172543777871e-274,1.55630021540935,0.335,0.144,1.31368908956071e-269,1,Stfa2l1
Mmp8,7.83998946890203e-273,1.22637058414782,0.451,0.235,1.2681182965949e-268,1,Mmp8
Selplg,2.10410160804967e-267,1.28023087020154,0.493,0.3,3.40338435102034e-263,1,Selplg
Mcl1,1.3804855522932e-262,1.35512514727456,0.498,0.322,2.23293538083425e-258,1,Mcl1
Ftl1,5.78086626133923e-253,0.83393499913871,0.721,0.561,9.35055117771621e-249,1,Ftl1
Marcks,1.17387388566459e-248,1.79070930637532,0.344,0.176,1.89874101006247e-244,1,Marcks
Txn1,1.88409236870129e-241,1.3983070973712,0.439,0.265,3.04751940637433e-237,1,Txn1
Grina,4.22109015102083e-237,1.36973046686505,0.398,0.218,6.8276133192762e-233,1,Grina
Ptprc,1.28616849018689e-233,0.821177493963163,0.756,0.653,2.0803775328773e-229,1,Ptprc
Spi1,1.6224616134582e-231,1.32986693291063,0.442,0.274,2.62433165976864e-227,1,Spi1
Slfn4,2.20631306527805e-221,1.65921400189535,0.331,0.168,3.56871138308725e-217,1,Slfn4
Pygl,4.70239162896368e-220,1.5744627779009,0.357,0.196,7.60611845984876e-216,1,Pygl
Il1f9,3.7414945048976e-216,1.7024406653414,0.306,0.151,6.05186736167186e-212,1,Il1f9
Map1lc3b,3.90435508440585e-212,1.39992608105016,0.405,0.249,6.31529434902647e-208,1,Map1lc3b
Adipor1,1.51230713386545e-208,1.42955237026111,0.399,0.244,2.44615678902737e-204,1,Adipor1
Sorl1,6.54521320987778e-203,1.40572710262731,0.417,0.265,1.05868823669773e-198,1,Sorl1
Iqgap1,3.59494136905275e-198,1.1383257559796,0.511,0.37,5.81481766444283e-194,1,Iqgap1
Slfn2,3.72214053393641e-197,1.00118042173332,0.586,0.46,6.02056231364215e-193,1,Slfn2
Picalm,6.75591452594674e-197,1.71317294835278,0.318,0.173,1.09276917457189e-192,1,Picalm
Il1r2,1.70335149619254e-195,1.69794029489764,0.294,0.147,2.75517104509144e-191,1,Il1r2
Rgs2,2.69105731955674e-192,1.31659786944465,0.407,0.257,4.35278521438303e-188,1,Rgs2
Clec4d,6.12018858401317e-191,1.61801081031214,0.316,0.17,9.8994050346413e-187,1,Clec4d
Atg3,7.13025173639454e-182,1.53694409091123,0.346,0.204,1.15331821836182e-177,1,Atg3
Fgl2,7.35425435131899e-182,1.85878535736201,0.252,0.119,1.18955064132585e-177,1,Fgl2
App,2.15844140822221e-174,1.58804371383362,0.328,0.19,3.49127897779943e-170,1,App
Gpcpd1,1.78888201880384e-173,1.55662970403432,0.32,0.182,2.89351666541522e-169,1,Gpcpd1
Fos,2.54896523014395e-171,1.46070029226214,0.359,0.217,4.12295125975783e-167,1,Fos
Gm5483,3.21865464587456e-171,1.26114792545935,0.27,0.125,5.20617388970211e-167,1,Gm5483
Cd300ld,1.70173594453108e-164,1.61441534491971,0.293,0.161,2.75255789027902e-160,1,Cd300ld
Ogfrl1,5.32773774879753e-160,1.72542797363357,0.272,0.146,8.61761580868001e-156,1,Ogfrl1
Mmp9,5.93384527508678e-154,1.30201118670173,0.319,0.182,9.59799473245287e-150,1,Mmp9
H2-D1,7.57536406069065e-152,0.511871002275168,0.852,0.795,1.22531513681671e-147,1,H2-D1
Cd44,9.50235595189664e-150,1.54652977510539,0.307,0.183,1.53700607521928e-145,1,Cd44
Sell,2.01507353918794e-145,0.852933713771174,0.574,0.469,3.25938144963649e-141,1,Sell
Litaf,1.14109094495087e-133,1.48359300637,0.289,0.172,1.84571460345803e-129,1,Litaf
Prdx5,4.76935580489356e-126,1.01982945824661,0.415,0.296,7.71443301441534e-122,1,Prdx5
Pirb,8.62383301197824e-124,1.27996927944261,0.337,0.226,1.39490498968748e-119,1,Pirb
Nfam1,1.59352481467092e-123,1.5497648737635,0.277,0.168,2.57752638773021e-119,1,Nfam1
Mcemp1,3.65041997160691e-122,1.31415253426919,0.313,0.198,5.90455430407418e-118,1,Mcemp1
Igsf6,7.376357883323e-120,1.39253603085966,0.3,0.189,1.1931258876275e-115,1,Igsf6
Cd52,1.2142100124626e-116,0.52383308427629,0.757,0.701,1.96398469515825e-112,1,Cd52
Lyst,3.83522079091905e-113,1.50858603257676,0.259,0.153,6.20346962931157e-109,1,Lyst
Fcgr3,1.50207585225868e-111,1.30536843785445,0.306,0.2,2.42960769102841e-107,1,Fcgr3
Arpc1b,4.27103447208195e-111,0.696186448366274,0.575,0.494,6.90839825859256e-107,1,Arpc1b
Junb,1.46587871599579e-110,1.19389669096925,0.356,0.252,2.37105882312319e-106,1,Junb
Tspo,2.47733563828575e-104,0.985379740229706,0.403,0.302,4.00709039492719e-100,1,Tspo
Gnai2,1.01222877548746e-103,1.04775886476643,0.395,0.303,1.63728004435097e-99,1,Gnai2
Mrpl33,3.36582968062756e-102,1.15421707348317,0.351,0.255,5.44422950841507e-98,1,Mrpl33
Ubb,1.02658909891678e-101,0.62758750110676,0.628,0.572,1.66050786749789e-97,1,Ubb
Plek,1.45812913121413e-100,1.29558807143978,0.304,0.207,2.35852386973885e-96,1,Plek
Lsp1,1.51201738543168e-96,0.875754684214113,0.457,0.375,2.44568812093574e-92,1,Lsp1
Fbxl5,2.09758975372949e-91,1.4379288184986,0.252,0.16,3.39285142665746e-87,1,Fbxl5
Arpc5,2.08268918062086e-88,0.708225513597711,0.527,0.464,3.36874974965425e-84,1,Arpc5
Trim30a,3.30224166285284e-88,1.180596243557,0.312,0.22,5.34137588966447e-84,1,Trim30a
Cdk2ap2,8.82645612052938e-84,1.16769200209692,0.363,0.279,1.42767927749563e-79,1,Cdk2ap2
Gabarap,8.83496827285485e-77,1.05046660273734,0.34,0.263,1.42905611813427e-72,1,Gabarap
Emb,1.09223183508779e-68,1.17243891124754,0.282,0.208,1.7666849932545e-64,1,Emb
AB124611,1.97839505756075e-66,1.15418293863244,0.282,0.209,3.20005400560451e-62,1,AB124611
Rac2,6.68487384112519e-63,0.654860821258,0.489,0.44,1.081278343802e-58,1,Rac2
Pkm,1.71359784527942e-62,0.994363998475114,0.321,0.251,2.77174451473945e-58,1,Pkm
Ifitm3,3.37718674271361e-60,0.625684081570188,0.397,0.31,5.46259955633926e-56,1,Ifitm3
Ncf2,9.46914521739826e-60,1.18748442245254,0.264,0.195,1.53163423891417e-55,1,Ncf2
Ostf1,1.75179788810449e-58,0.998613217492623,0.316,0.253,2.83353308400902e-54,1,Ostf1
Gapdh,2.73230950528411e-52,1.09023615082758,0.269,0.208,4.41951062479705e-48,1,Gapdh
Sat1,1.53414582475001e-51,0.772663052611063,0.367,0.308,2.48148087153314e-47,1,Sat1
Gpsm3,2.63391678339251e-51,1.14464201232247,0.251,0.189,4.26036039713738e-47,1,Gpsm3
Stk17b,1.57759092806697e-48,0.893527732857518,0.329,0.274,2.55175332614833e-44,1,Stk17b
Zfp36,7.13016007350672e-47,1.16387272368219,0.251,0.193,1.15330339188971e-42,1,Zfp36
Rhog,1.24503389992111e-45,1.12191830818483,0.253,0.197,2.0138423331224e-41,1,Rhog
Ypel3,2.1195754985344e-45,0.871059842195371,0.325,0.274,3.42841336887939e-41,1,Ypel3
Gmfg,2.36253577398876e-44,0.891359953986386,0.323,0.275,3.82140161442682e-40,1,Gmfg
Ptpn1,3.04214700624733e-42,0.964603377108321,0.294,0.241,4.92067278260506e-38,1,Ptpn1
Itm2b,1.4373586088565e-41,0.551132777363893,0.475,0.446,2.32492754982539e-37,1,Itm2b
Ddx6,8.37700584382316e-41,0.864606988748149,0.317,0.267,1.3549806952384e-36,1,Ddx6
Sem1,2.17006168909847e-39,0.681164951415044,0.385,0.346,3.51007478211677e-35,1,Sem1
Fyb,2.52886363666611e-35,0.836712876887408,0.293,0.245,4.09043693230744e-31,1,Fyb
Ube2b,2.86827680692897e-31,0.909991108408831,0.255,0.212,4.63943773520761e-27,1,Ube2b
Vim,1.24369441421349e-28,0.684775857736872,0.354,0.315,2.01167571499033e-24,1,Vim
Cap1,1.38050916187335e-28,0.947508241014679,0.261,0.224,2.23297356933015e-24,1,Cap1
Sh3glb1,6.41032158657504e-27,0.88711977196168,0.266,0.23,1.03686951662851e-22,1,Sh3glb1
Apbb1ip,1.59986204676702e-24,0.826576262198747,0.273,0.241,2.58777686064565e-20,1,Apbb1ip
Msn,3.8416618056652e-24,0.571620575577941,0.417,0.405,6.21388797066346e-20,1,Msn
Samhd1,2.71115196178467e-16,0.566338476997251,0.337,0.325,4.38528829818671e-12,1,Samhd1
Tln1,3.04242215426549e-12,0.543766006819503,0.319,0.313,4.92111783452443e-08,1,Tln1
Grb2,3.72965837718984e-12,0.512203119668151,0.316,0.306,6.03272242510457e-08,1,Grb2
Arpc3,2.01501501071079e-10,0.641323385810624,0.262,0.256,3.2592867798247e-06,1,Arpc3
Tmbim6,4.60107751123115e-10,0.615647142217619,0.274,0.271,7.44224287441639e-06,1,Tmbim6
Cotl1,9.38023163280812e-10,0.610338711806961,0.292,0.293,1.51725246660671e-05,1,Cotl1
Akap13,1.03242702357724e-08,0.534812709518929,0.297,0.295,0.000166995071063619,1,Akap13
Cnn2,4.19254808235183e-05,0.50156951430679,0.266,0.273,0.678144652320409,1,Cnn2
H2-Aa1,0,2.35060021632494,0.924,0.184,0,2,H2-Aa
H2-Ab11,0,2.13241724131398,0.942,0.216,0,2,H2-Ab1
Cd741,0,2.23490601749227,0.998,0.293,0,2,Cd74
H2-Eb11,0,2.39433045866626,0.844,0.143,0,2,H2-Eb1
Igkc1,0,2.13038622897713,0.953,0.253,0,2,Igkc
Ighm1,0,2.11301955104124,0.882,0.211,0,2,Ighm
Ighd1,0,1.86719247508921,0.822,0.174,0,2,Ighd
Cd79b1,0,2.22432250982722,0.734,0.12,0,2,Cd79b
Ms4a11,0,1.93520062735395,0.752,0.14,0,2,Ms4a1
Iglc21,0,2.23249254291167,0.693,0.116,0,2,Iglc2
Iglc31,0,2.17639779316177,0.669,0.108,0,2,Iglc3
Ly6d1,0,1.86489825446358,0.679,0.129,0,2,Ly6d
Rps191,0,1.08438055141337,0.963,0.499,0,2,Rps19
Rps15a1,0,0.993300639967224,0.933,0.471,0,2,Rps15a
Rps181,0,0.928938570966524,0.834,0.377,0,2,Rps18
Rps151,0,1.10328751796338,0.847,0.392,0,2,Rps15
Rps201,0,1.03214682602421,0.813,0.36,0,2,Rps20
Rps51,0,0.970930834471041,0.899,0.451,0,2,Rps5
Rps71,0,0.996898610832076,0.851,0.403,0,2,Rps7
Rpl321,0,0.897323844124119,0.872,0.428,0,2,Rpl32
Rps241,0,1.0212000682111,0.931,0.488,0,2,Rps24
Rpl131,0,1.03175327493161,0.941,0.505,0,2,Rpl13
Rpl81,0,1.06516039120391,0.826,0.39,0,2,Rpl8
Rps81,0,0.959484748879674,0.849,0.42,0,2,Rps8
Rpl141,0,0.905359787524926,0.801,0.373,0,2,Rpl14
mt-Cytb1,0,1.08842165865547,0.796,0.37,0,2,mt-Cytb
Rpl191,0,1.01362635024683,0.777,0.355,0,2,Rpl19
Rpl211,0,1.07335853464659,0.79,0.368,0,2,Rpl21
Rps281,0,0.98659403841915,0.752,0.33,0,2,Rps28
Rps4x1,0,0.828022027159474,0.835,0.415,0,2,Rps4x
Rpl42,0,0.934333755032825,0.846,0.43,0,2,Rpl4
Cd79a1,0,1.9875224871178,0.486,0.071,0,2,Cd79a
Rpl121,0,0.929415519387808,0.691,0.278,0,2,Rpl12
Bank11,0,1.89867660783023,0.501,0.089,0,2,Bank1
Rplp21,0,0.796501125494941,0.848,0.44,0,2,Rplp2
Rpl33,0,0.995606472186548,0.702,0.297,0,2,Rpl3
Rps3a11,0,0.933623167753693,0.846,0.442,0,2,Rps3a1
Rpsa1,0,1.00241799378682,0.714,0.31,0,2,Rpsa
mt-Nd11,0,1.19674497607557,0.663,0.263,0,2,mt-Nd1
Fcmr,0,2.48742963730466,0.451,0.052,0,2,Fcmr
Rplp1,0,0.661074648829998,0.887,0.488,0,2,Rplp1
Rps261,0,0.896173027099188,0.808,0.412,0,2,Rps26
Eef1a11,0,0.840278450304432,0.864,0.468,0,2,Eef1a1
Rpl261,0,0.936812922663758,0.843,0.45,0,2,Rpl26
Ly6e1,0,1.0942412641535,0.849,0.458,0,2,Ly6e
Rps131,0,0.914879290005779,0.835,0.444,0,2,Rps13
Rpl111,0,0.946506226682083,0.773,0.385,0,2,Rpl11
Rpl23a1,0,0.879715795980511,0.793,0.406,0,2,Rpl23a
Rpl231,0,0.854672652137102,0.781,0.395,0,2,Rpl23
Rpl35a1,0,0.928595912568492,0.779,0.393,0,2,Rpl35a
Rps31,0,0.884745952053072,0.88,0.494,0,2,Rps3
Rps231,0,0.794283075143838,0.826,0.44,0,2,Rps23
Rpl18a1,0,1.00134425820471,0.905,0.521,0,2,Rpl18a
Rps61,0,0.888397088597959,0.728,0.347,0,2,Rps6
Rps22,0,1.0470687193785,0.673,0.293,0,2,Rps2
Rps171,0,0.887177831809833,0.696,0.316,0,2,Rps17
Rps211,0,0.852303405267404,0.796,0.418,0,2,Rps21
Ptma1,0,1.07449189233866,0.639,0.265,0,2,Ptma
Rpl37a1,0,0.871457943291339,0.846,0.472,0,2,Rpl37a
Rpl171,0,0.887232667380452,0.841,0.469,0,2,Rpl17
Rpl27a1,0,0.876247064943322,0.778,0.407,0,2,Rpl27a
Rpl361,0,1.02079408590252,0.634,0.268,0,2,Rpl36
H2-DMb2,0,2.32656135146107,0.416,0.051,0,2,H2-DMb2
Rpl61,0,1.00522041990424,0.671,0.307,0,2,Rpl6
Rps111,0,0.855292194762273,0.793,0.431,0,2,Rps11
Macf11,0,0.933798258894817,0.616,0.26,0,2,Macf1
Rpl71,0,1.00170058021833,0.687,0.334,0,2,Rpl7
Cd371,0,1.28779344334077,0.584,0.232,0,2,Cd37
Rpl351,0,0.963837370359041,0.619,0.267,0,2,Rpl35
Rpl391,0,0.859434302407576,0.688,0.339,0,2,Rpl39
Rpl181,0,0.934281825364079,0.648,0.3,0,2,Rpl18
Rps16,0,0.744927952683046,0.86,0.512,0,2,Rps16
Rpl341,0,0.835616002511015,0.778,0.433,0,2,Rpl34
Rpl51,0,0.636477398256511,0.666,0.321,0,2,Rpl5
Rpl91,0,0.871790242510891,0.795,0.45,0,2,Rpl9
Rpl271,0,0.863449930708996,0.684,0.34,0,2,Rpl27
Rps141,0,0.757291921689097,0.941,0.597,0,2,Rps14
Rack11,0,0.895471289148858,0.636,0.294,0,2,Rack1
Rpl36a1,0,0.917306125701218,0.585,0.243,0,2,Rpl36a
Rps291,0,0.812035868137862,0.871,0.533,0,2,Rps29
Ptprcap1,0,1.47966211753732,0.456,0.12,0,2,Ptprcap
mt-Nd51,0,1.06440952628109,0.568,0.232,0,2,mt-Nd5
Rpl381,0,0.907597383238107,0.624,0.29,0,2,Rpl38
Filip1l1,0,1.64080720595246,0.443,0.112,0,2,Filip1l
Cd55,0,2.00076777563725,0.398,0.068,0,2,Cd55
Rps12,0,0.764705779816693,0.756,0.426,0,2,Rps12
Rpl301,0,0.849961166874235,0.676,0.347,0,2,Rpl30
Gimap6,0,1.52626837906371,0.438,0.109,0,2,Gimap6
Rpl311,0,0.811409398648624,0.656,0.327,0,2,Rpl31
Rps25,0,0.840515266377037,0.752,0.426,0,2,Rps25
Rps101,0,0.799454766490992,0.661,0.343,0,2,Rps10
Mef2c,0,1.84318151016234,0.388,0.074,0,2,Mef2c
Cd22,0,1.91992573574946,0.372,0.059,0,2,Cd22
Shisa51,0,0.914488864917271,0.63,0.317,0,2,Shisa5
mt-Nd21,0,1.16170937898245,0.495,0.186,0,2,mt-Nd2
Rpl221,0,0.857382459611467,0.565,0.26,0,2,Rpl22
Ralgps21,0,1.6708802616842,0.375,0.073,0,2,Ralgps2
Uba521,0,0.970584781759818,0.537,0.243,0,2,Uba52
Ets11,0,1.24253854037933,0.417,0.129,0,2,Ets1
H2-DMa,0,2.13876389813413,0.338,0.055,0,2,H2-DMa
Rps271,0,1.1141518046946,0.981,0.698,0,2,Rps27
Rpl10a,0,1.10376250072898,0.444,0.165,0,2,Rpl10a
H2-Ob,0,2.43937961349955,0.312,0.037,0,2,H2-Ob
Fcer2a,0,2.04196661762691,0.318,0.044,0,2,Fcer2a
Swap70,0,1.77648006026795,0.337,0.068,0,2,Swap70
Ppia,0,0.975841063119102,0.47,0.201,0,2,Ppia
Rpl13a,0,1.12173713103334,0.427,0.163,0,2,Rpl13a
Gm11478,0,1.36359505853433,0.396,0.135,0,2,Gm11478
Eef1g,0,1.29499434474205,0.389,0.136,0,2,Eef1g
Siglecg,0,2.05473668655586,0.294,0.041,0,2,Siglecg
Iglc1,0,2.00895319783669,0.293,0.048,0,2,Iglc1
Snx2,0,1.82023478677976,0.311,0.066,0,2,Snx2
Foxp1,0,1.23586550751793,0.356,0.117,0,2,Foxp1
Mzb1,0,2.64751770305003,0.263,0.026,0,2,Mzb1
Tnfrsf13c,0,2.21911474849673,0.271,0.034,0,2,Tnfrsf13c
Fcrla,0,2.26376131870295,0.267,0.033,0,2,Fcrla
Gimap1,0,1.74478565825333,0.294,0.061,0,2,Gimap1
Ifi209,0,1.40907936106676,0.321,0.093,0,2,Ifi209
Serpinb1a,0,1.5991239763794,0.297,0.07,0,2,Serpinb1a
Gm15427,0,1.22260962151595,0.36,0.135,0,2,Gm15427
Nap1l1,0,1.32850702016376,0.324,0.102,0,2,Nap1l1
Mndal,0,1.58879199766536,0.3,0.079,0,2,Mndal
Ltb,0,1.32231196387306,0.326,0.109,0,2,Ltb
Man1a,0,1.46210751450131,0.285,0.069,0,2,Man1a
Ifi203,0,1.48479937229032,0.289,0.078,0,2,Ifi203
Irf8,0,1.43279744569993,0.276,0.069,0,2,Irf8
Rnase6,0,1.4254815931948,0.278,0.077,0,2,Rnase6
Smim14,0,1.55797145121392,0.258,0.072,0,2,Smim14
Arpc5l,0,1.45971586375337,0.251,0.068,0,2,Arpc5l
mt-Rnr21,0,0.683647310363816,1,0.991,0,2,mt-Rnr2
Rplp0,1.25699855482604e-306,0.646004243394746,0.716,0.384,2.03319516243112e-302,2,Rplp0
Rpl28,7.11867989994518e-302,0.940396872244828,0.489,0.219,1.15144647381613e-297,2,Rpl28
mt-Rnr11,9.01436245615774e-300,0.588408132014533,0.939,0.758,1.45807312728352e-295,2,mt-Rnr1
Rpl41,3.03580207337655e-299,0.683311372149854,0.793,0.492,4.91040985368657e-295,2,Rpl41
Ablim1,1.19931655503428e-277,1.08701070828928,0.27,0.086,1.93989452776795e-273,2,Ablim1
Rpl15,1.66511366790325e-274,0.940080840444145,0.428,0.185,2.69332135783351e-270,2,Rpl15
Pxk,1.54969215917635e-271,1.24707552881239,0.275,0.093,2.50662706746775e-267,2,Pxk
Hsp90ab11,6.13576077591715e-268,0.724135191735499,0.609,0.32,9.92459305504598e-264,2,Hsp90ab1
Rpl7a,3.28997297523788e-263,0.869304572754465,0.515,0.253,5.32153128744727e-259,2,Rpl7a
Il2rg,9.39477053946783e-263,1.1449462109082,0.258,0.084,1.51960413475892e-258,2,Il2rg
Lbh,3.7070855374368e-259,1.15012887660106,0.268,0.09,5.99621085680403e-255,2,Lbh
Npm1,6.72894874503944e-252,0.867557053450686,0.39,0.163,1.08840745951013e-247,2,Npm1
mt-Nd4,1.6407109746609e-251,0.98656126935148,0.385,0.166,2.653850001514e-247,2,mt-Nd4
Rpl10,7.33591072009009e-250,0.715849372200807,0.575,0.294,1.18658355897457e-245,2,Rpl10
mt-Co11,5.34757781322856e-246,0.65508802129496,0.693,0.417,8.64970711289719e-242,2,mt-Co1
Tpt1,9.75923088469064e-237,0.62208539760915,0.69,0.41,1.57855559559871e-232,2,Tpt1
Fau,4.18076038184193e-228,0.527210144905538,0.904,0.725,6.76237991762932e-224,2,Fau
Kmt2a,4.07522953172672e-219,1.01794250631312,0.25,0.088,6.59168376756796e-215,2,Kmt2a
Rpl29,3.41497015001719e-215,0.830239919342677,0.402,0.188,5.5237142176528e-211,2,Rpl29
Rpl22l1,1.03764397896408e-213,0.919638432757443,0.329,0.138,1.6783891359744e-209,2,Rpl22l1
Gas5,4.56506353957261e-213,0.886277993408286,0.352,0.155,7.38399027525869e-209,2,Gas5
Eef2,3.57455082355666e-212,0.802693624432932,0.427,0.208,5.7818359571029e-208,2,Eef2
4930523C07Rik,4.41228786518291e-212,1.02776634230514,0.265,0.1,7.13687562193335e-208,2,4930523C07Rik
Cnbp,1.04953368117329e-211,0.887069942419564,0.344,0.149,1.6976207292978e-207,2,Cnbp
Wdr89,9.94197658661223e-209,0.922041765940617,0.326,0.139,1.60811471288453e-204,2,Wdr89
Ncl,6.72172919441652e-202,0.78172602660131,0.39,0.183,1.08723969719687e-197,2,Ncl
Gm9794,4.3400360722654e-198,0.975201078729984,0.292,0.121,7.02000834688928e-194,2,Gm9794
Eif3f,1.55152527052096e-195,0.912522104879901,0.372,0.179,2.50959212506765e-191,2,Eif3f
Set,7.91623910587006e-192,0.996937031901214,0.25,0.096,1.28045167537448e-187,2,Set
Serbp11,8.59243958257905e-191,0.596493402731148,0.474,0.243,1.38982710248216e-186,2,Serbp1
Gnas,8.74623575930199e-186,0.837502515677787,0.373,0.184,1.4147036340671e-181,2,Gnas
March1,2.02715260648037e-182,0.976094008413304,0.275,0.115,3.27891934098199e-178,2,March1
Naca,1.66184729369124e-179,0.7427249362079,0.394,0.195,2.68803799754558e-175,2,Naca
Rpl37,4.73767548033186e-175,0.50657048935003,0.763,0.525,7.66319008943678e-171,2,Rpl37
Crip1,9.59657190823681e-168,0.73392473614474,0.41,0.207,1.5522455061573e-163,2,Crip1
Ddx5,4.68365271296682e-167,0.545379165105345,0.757,0.546,7.57580826322383e-163,2,Ddx5
Nop53,5.41629092187247e-165,0.828263236993557,0.32,0.151,8.76085056612872e-161,2,Nop53
Napsa,1.40141099821702e-164,0.993934564344725,0.263,0.114,2.26678228961604e-160,2,Napsa
Samd9l,1.0933927867739e-161,0.783045628438215,0.352,0.174,1.76856283260679e-157,2,Samd9l
Hsp90b1,1.29966325736236e-160,0.655358263448801,0.36,0.177,2.10220531878361e-156,2,Hsp90b1
Hnrnpa2b11,3.60225012665964e-139,0.555327703332004,0.477,0.279,5.82663957987197e-135,2,Hnrnpa2b1
Gm9843,1.09728171488663e-137,0.671374788060946,0.47,0.283,1.77485317382912e-133,2,Gm9843
S100a10,7.32280928447436e-134,0.700225551236368,0.251,0.113,1.18446440176373e-129,2,S100a10
Calr,5.94439453755168e-132,0.738999383835807,0.291,0.142,9.61505816448984e-128,2,Calr
Itsn21,2.8496390440869e-124,0.601465307881176,0.367,0.203,4.60929115381055e-120,2,Itsn2
Prrc2c,6.18197285571003e-124,0.587350039745512,0.35,0.187,9.99934109411097e-120,2,Prrc2c
Serp1,2.40463989485319e-120,0.646424581590199,0.368,0.206,3.88950502992504e-116,2,Serp1
Sept1,7.11224584064461e-120,0.511813087347216,0.254,0.117,1.15040576472427e-115,2,Sept1
Srrm21,6.61870383107536e-117,0.500261715876228,0.473,0.289,1.07057534467644e-112,2,Srrm2
Ybx1,1.77586415566297e-115,0.55286176950824,0.424,0.253,2.87246027178485e-111,2,Ybx1
Elf1,6.18293960398578e-115,0.663807164749312,0.294,0.152,1.0000904809447e-110,2,Elf1
Eef1b2,2.0587279357034e-114,0.534829897664915,0.364,0.202,3.32999243600024e-110,2,Eef1b2
Hnrnpa3,1.4760261235562e-110,0.754696356340515,0.253,0.126,2.38747225485216e-106,2,Hnrnpa3
Tpr,2.28983623245874e-107,0.640279753701923,0.257,0.129,3.70381010600202e-103,2,Tpr
Rbm25,2.99695402705656e-106,0.642054286515767,0.298,0.161,4.84757313876398e-102,2,Rbm25
Prpf38b,5.31067504000379e-100,0.570585371878643,0.273,0.144,8.59001687720613e-96,2,Prpf38b
Mycbp2,1.88853787876365e-95,0.545337271504967,0.273,0.145,3.0547100189002e-91,2,Mycbp2
Add3,8.55779278713916e-94,0.597989678044645,0.314,0.18,1.38422298331976e-89,2,Add3
Sp100,6.80930853065983e-91,0.613926590181425,0.29,0.164,1.10140565483423e-86,2,Sp100
Limd2,4.581424949848e-85,0.522163920650285,0.364,0.224,7.41045485637914e-81,2,Limd2
Psmb8,3.94133352847643e-84,0.522760820558514,0.28,0.157,6.37510698231062e-80,2,Psmb8
Mmp81,0,2.77802612443189,0.88,0.18,0,3,Mmp8
Lcn21,0,2.62417101531861,0.944,0.246,0,3,Lcn2
Wfdc211,0,2.21308535338973,0.986,0.309,0,3,Wfdc21
Ifitm6,0,3.14330538108332,0.861,0.194,0,3,Ifitm6
Anxa11,0,1.85463720769455,0.874,0.257,0,3,Anxa1
Pglyrp11,0,1.93044680999406,0.825,0.213,0,3,Pglyrp1
Lrg11,0,1.61726814824753,0.869,0.261,0,3,Lrg1
Cxcr21,0,1.31242069932774,0.905,0.301,0,3,Cxcr2
Retnlg1,0,2.48569611928579,0.987,0.388,0,3,Retnlg
Hp1,0,1.49030703622336,0.952,0.357,0,3,Hp
Slpi1,0,1.22558148835815,0.891,0.311,0,3,Slpi
S100a61,0,1.96279401535707,0.96,0.388,0,3,S100a6
Alox5ap1,0,1.53176251953224,0.969,0.402,0,3,Alox5ap
Anxa21,0,1.50071762939875,0.878,0.317,0,3,Anxa2
S100a111,0,1.63095102696768,0.989,0.437,0,3,S100a11
Prr131,0,1.53966742653725,0.85,0.302,0,3,Prr13
Ifitm21,0,1.30492258984648,0.9,0.357,0,3,Ifitm2
Prdx51,0,1.68809381624311,0.785,0.247,0,3,Prdx5
Msrb11,0,1.08322803625283,0.899,0.364,0,3,Msrb1
Gda1,0,1.2357900170207,0.81,0.285,0,3,Gda
Mmp91,0,1.996599137424,0.661,0.138,0,3,Mmp9
Mxd11,0,1.38520319373242,0.72,0.206,0,3,Mxd1
Tyrobp1,0,0.960645208930901,0.958,0.452,0,3,Tyrobp
Ifitm11,0,1.2488929288464,0.823,0.328,0,3,Ifitm1
Ifitm31,0,1.16137235294926,0.749,0.262,0,3,Ifitm3
Lilr4b1,0,1.51155058157286,0.664,0.18,0,3,Lilr4b
Pygl1,0,1.61389094124583,0.644,0.16,0,3,Pygl
Taldo11,0,1.18796814893949,0.795,0.315,0,3,Taldo1
Grina1,0,1.47038519690516,0.662,0.186,0,3,Grina
Fcer1g1,0,0.823515318637242,0.836,0.361,0,3,Fcer1g
Slfn41,0,1.79230409688611,0.605,0.134,0,3,Slfn4
Mcemp11,0,1.68560849411141,0.626,0.157,0,3,Mcemp1
Tspo1,0,1.38243374653815,0.728,0.259,0,3,Tspo
Wfdc171,0,1.29981991827267,0.895,0.429,0,3,Wfdc17
Txn11,0,1.26710110619387,0.696,0.233,0,3,Txn1
Ccl61,0,1.17463589238425,0.791,0.336,0,3,Ccl6
Lgals3,0,1.303898924703,0.637,0.194,0,3,Lgals3
Pkm1,0,1.47260815513917,0.649,0.207,0,3,Pkm
Ly6g,0,3.13746228242641,0.476,0.045,0,3,Ly6g
Hmgb21,0,1.06610669329282,0.719,0.289,0,3,Hmgb2
Selplg1,0,1.03262684204041,0.704,0.275,0,3,Selplg
Rac21,0,1.04198188653835,0.82,0.394,0,3,Rac2
Zyx1,0,1.02708375347539,0.66,0.238,0,3,Zyx
Chil1,0,1.99521849405308,0.513,0.094,0,3,Chil1
Spi11,0,1.03596103797677,0.666,0.247,0,3,Spi1
Il1f91,0,1.59224304823341,0.529,0.123,0,3,Il1f9
Lcp11,0,0.94440255195023,0.938,0.533,0,3,Lcp1
S100a91,0,2.05929274718407,1,0.6,0,3,S100a9
Clec4d1,0,1.36190941692444,0.539,0.142,0,3,Clec4d
Fcgr31,0,1.29369991208601,0.558,0.168,0,3,Fcgr3
Fpr1,0,2.05250524961785,0.474,0.084,0,3,Fpr1
Ccr11,0,1.24574077008217,0.548,0.162,0,3,Ccr1
Pirb1,0,1.18818196108673,0.581,0.195,0,3,Pirb
Slfn11,0,1.0377867273143,0.594,0.209,0,3,Slfn1
Fpr2,0,2.12956673698726,0.462,0.078,0,3,Fpr2
Fxyd51,0,0.664065742133524,0.782,0.399,0,3,Fxyd5
Litaf1,0,1.42818510734295,0.524,0.142,0,3,Litaf
Sem11,0,0.909891387150336,0.685,0.305,0,3,Sem1
Gsr1,0,0.965437877112221,0.593,0.213,0,3,Gsr
Csf3r1,0,0.912682516234294,0.563,0.192,0,3,Csf3r
Tpd521,0,0.733573363369915,0.655,0.293,0,3,Tpd52
Mrpl331,0,0.983914216685008,0.585,0.224,0,3,Mrpl33
Stfa2l11,0,1.97897437383983,0.487,0.128,0,3,Stfa2l1
Ostf11,0,0.99317677751843,0.571,0.219,0,3,Ostf1
Dusp11,0,0.907957198990657,0.554,0.204,0,3,Dusp1
Adipor11,0,0.868711688267055,0.573,0.224,0,3,Adipor1
Il1r21,0,1.29631456931278,0.474,0.125,0,3,Il1r2
Srgn1,0,0.822060011715027,0.909,0.561,0,3,Srgn
Gapdh1,0,1.17132903976534,0.521,0.174,0,3,Gapdh
Hdc,0,1.46251345297401,0.457,0.111,0,3,Hdc
App1,0,1.14100320169975,0.511,0.168,0,3,App
Atxn10,0,1.81781339344586,0.433,0.09,0,3,Atxn10
Ctsd,0,1.33594048271658,0.486,0.145,0,3,Ctsd
Gm54831,0,2.50451020900512,0.445,0.105,0,3,Gm5483
Nudt41,0,1.01283133368045,0.511,0.171,0,3,Nudt4
Cotl11,0,0.933086890989791,0.59,0.251,0,3,Cotl1
Dhrs7,0,1.50939460113643,0.446,0.112,0,3,Dhrs7
Clec7a1,0,0.627003357794569,0.587,0.253,0,3,Clec7a
Cd300lf,0,1.35327461632666,0.453,0.12,0,3,Cd300lf
Mgst1,0,1.68004584010456,0.442,0.109,0,3,Mgst1
Glrx,0,2.15736630984572,0.398,0.066,0,3,Glrx
Aldoa,0,1.14274495016741,0.517,0.186,0,3,Aldoa
Map1lc3b1,0,0.812529616507178,0.56,0.232,0,3,Map1lc3b
Rflnb,0,1.51846134552928,0.442,0.114,0,3,Rflnb
Cnn21,0,0.914927787335049,0.559,0.232,0,3,Cnn2
S100a81,0,2.10273811453787,1,0.673,0,3,S100a8
Gabarap1,0,0.841861072651663,0.559,0.234,0,3,Gabarap
Vasp,0,1.22938173635099,0.472,0.147,0,3,Vasp
Asprv1,0,1.91057194447859,0.416,0.092,0,3,Asprv1
Gpi1,0,1.218947353095,0.47,0.151,0,3,Gpi1
Ngp,0,6.65642116715278,0.346,0.027,0,3,Ngp
Arpc31,0,0.905526241973303,0.535,0.218,0,3,Arpc3
Vsir,0,1.34046648335091,0.442,0.129,0,3,Vsir
Ncf21,0,0.991432299508104,0.478,0.167,0,3,Ncf2
Atg31,0,0.837367602519014,0.488,0.188,0,3,Atg3
Cd33,0,1.41327894264524,0.398,0.099,0,3,Cd33
Rhog1,0,0.951068779123522,0.468,0.169,0,3,Rhog
Fbxl51,0,1.19103572086078,0.434,0.137,0,3,Fbxl5
Clec4e,0,1.36393951847361,0.401,0.105,0,3,Clec4e
Plek1,0,0.851267864464811,0.48,0.185,0,3,Plek
Cd24a,0,1.00522648876397,0.419,0.134,0,3,Cd24a
Gpsm31,0,0.942536055614964,0.446,0.163,0,3,Gpsm3
Rdh12,0,1.60867064004729,0.363,0.082,0,3,Rdh12
Pgd,0,1.58015344636571,0.367,0.088,0,3,Pgd
Atp6v1g1,0,0.959596572238788,0.427,0.15,0,3,Atp6v1g1
R3hdm4,0,1.60950494047893,0.359,0.083,0,3,R3hdm4
Pilra,0,1.24813763641257,0.383,0.109,0,3,Pilra
Ncf1,0,1.18963871649055,0.4,0.13,0,3,Ncf1
Nfam11,0,0.847911305329718,0.419,0.151,0,3,Nfam1
Sri,0,1.03920869266472,0.418,0.151,0,3,Sri
Cd521,0,0.621640811245753,0.942,0.676,0,3,Cd52
Cdkn2d,0,1.12936137783182,0.383,0.12,0,3,Cdkn2d
Cebpd,0,1.20600046582449,0.37,0.107,0,3,Cebpd
Tgfbi,0,1.27246491494669,0.377,0.114,0,3,Tgfbi
Glipr2,0,1.30106045002813,0.361,0.099,0,3,Glipr2
Mmp25,0,2.54726698145817,0.296,0.034,0,3,Mmp25
Dgat1,0,2.32412402867691,0.304,0.043,0,3,Dgat1
Dhrs9,0,1.55962638264631,0.333,0.072,0,3,Dhrs9
Tkt,0,1.47210543841683,0.354,0.094,0,3,Tkt
Slc16a3,0,1.94509606374745,0.314,0.056,0,3,Slc16a3
Csf2rb,0,1.28633080282474,0.359,0.102,0,3,Csf2rb
Mtus1,0,1.36573127795093,0.348,0.091,0,3,Mtus1
Trim30b,0,1.08959679803012,0.37,0.113,0,3,Trim30b
Cfp,0,1.467927809367,0.329,0.081,0,3,Cfp
Mrgpra2b,0,2.35244080732368,0.278,0.038,0,3,Mrgpra2b
Ly6c2,0,1.00327575191957,0.348,0.11,0,3,Ly6c2
Lmnb1,0,1.23525282323136,0.327,0.092,0,3,Lmnb1
Cd9,0,1.71020177507648,0.303,0.071,0,3,Cd9
Trem3,0,1.48128680340535,0.303,0.074,0,3,Trem3
Fth11,0,0.709813384050122,0.939,0.711,0,3,Fth1
C5ar1,0,1.38211615634413,0.298,0.071,0,3,C5ar1
Hacd4,0,1.40073606561285,0.298,0.079,0,3,Hacd4
Arg2,0,1.56839407614109,0.278,0.061,0,3,Arg2
Bst1,0,1.4108826400825,0.285,0.071,0,3,Bst1
Pi16,0,1.40967146028483,0.283,0.071,0,3,Pi16
Mettl9,0,1.61709702367397,0.263,0.06,0,3,Mettl9
Pnkp,0,1.46676988805707,0.267,0.066,0,3,Pnkp
Tmem154,0,1.35343815516424,0.267,0.066,0,3,Tmem154
Nfe2,0,1.61764629326679,0.257,0.057,0,3,Nfe2
Actn1,0,1.66379034865626,0.253,0.054,0,3,Actn1
Hmgn2,0,1.42635187240389,0.263,0.07,0,3,Hmgn2
Siglece,0,1.23312184913909,0.258,0.067,0,3,Siglece
Azin1,0,1.46554449518998,0.25,0.062,0,3,Azin1
Tmsb4x1,0,0.709039950186519,0.997,0.896,0,3,Tmsb4x
Actb1,0,0.750783035550534,1,0.94,0,3,Actb
Arrb2,1.90852022290443e-304,0.994945471150334,0.348,0.116,3.08703146054791e-300,3,Arrb2
Itgam,1.95865613365132e-302,1.11607315370289,0.294,0.089,3.168126296181e-298,3,Itgam
Gnai21,5.43137974852386e-299,0.757128830074357,0.607,0.275,8.78525674323734e-295,3,Gnai2
Eif4ebp1,1.57699732307184e-298,1.0498621672701,0.321,0.104,2.5507931700687e-294,3,Eif4ebp1
Emb1,8.55996352148971e-296,0.850596398754421,0.462,0.184,1.38457409960096e-291,3,Emb
Itgb2,6.3087160431918e-294,0.987679364834996,0.336,0.112,1.02043481998627e-289,3,Itgb2
Ogfrl11,6.44936430224454e-292,0.86032207132527,0.377,0.134,1.04318467588805e-287,3,Ogfrl1
Lbr,2.1751635414334e-287,0.975341286738506,0.337,0.114,3.51832702826852e-283,3,Lbr
Arpc51,1.00694804891678e-286,0.684627876441865,0.785,0.429,1.62873846912289e-282,3,Arpc5
Rnasel,7.92666207329746e-286,1.20258615742915,0.254,0.073,1.28213759035586e-281,3,Rnasel
Cebpb,1.81469638980262e-283,1.0200774648652,0.357,0.129,2.93527141050574e-279,3,Cebpb
Itm2b1,5.18313496651467e-283,0.678586967129014,0.766,0.406,8.38372080833748e-279,3,Itm2b
Slc40a1,9.29575968419019e-282,0.869440089751566,0.302,0.096,1.50358912891776e-277,3,Slc40a1
AB1246111,2.45078823451099e-275,0.789524867001976,0.459,0.186,3.96414996932152e-271,3,AB124611
Rnf144a,5.95813410506896e-273,1.11130195562128,0.267,0.081,9.63728191494904e-269,3,Rnf144a
Junb1,1.20120795535819e-271,0.724497457196448,0.525,0.231,1.94295386779187e-267,3,Junb
Gmfg1,9.43354911173517e-269,0.707260662806943,0.55,0.245,1.52587656882316e-264,3,Gmfg
Fam129a,8.12273898661221e-262,1.07284187024504,0.256,0.078,1.31385303108452e-257,3,Fam129a
Skap2,3.24821398279563e-261,0.955157128117997,0.323,0.113,5.25398611717193e-257,3,Skap2
Sat11,6.31545485025509e-261,0.624869310375053,0.598,0.277,1.02152482202876e-256,3,Sat1
Rgs21,1.57383649757264e-260,0.659534636122496,0.538,0.242,2.54568053482375e-256,3,Rgs2
Cd300ld1,2.98800038207006e-259,0.755101889784705,0.392,0.15,4.83309061799832e-255,3,Cd300ld
Rab5if,1.89877056275495e-254,1.10243744895523,0.269,0.086,3.07126138525612e-250,3,Rab5if
Cd441,9.75615108040673e-254,0.68373533322989,0.422,0.17,1.57805743725579e-249,3,Cd44
Pla2g71,7.5313277446528e-249,0.594402827797036,0.511,0.227,1.21819226269759e-244,3,Pla2g7
Sdcbp,1.41932424554549e-245,0.944739385841119,0.302,0.105,2.29575696716983e-241,3,Sdcbp
Ccnd3,1.11027388048706e-244,1.01165072202437,0.296,0.103,1.79586800168782e-240,3,Ccnd3
Max,1.55951689147704e-243,1.04376165725346,0.262,0.085,2.52251857196412e-239,3,Max
Cap11,5.69375251978838e-237,0.704796820454082,0.458,0.197,9.20964470075771e-233,3,Cap1
Cyp4f18,5.74743662084681e-237,0.869041303637781,0.321,0.117,9.29647873421971e-233,3,Cyp4f18
Arid3a,1.56349785771696e-231,0.933314728335981,0.285,0.099,2.52895778485719e-227,3,Arid3a
Csf2ra,2.75287032110947e-228,0.988305891985606,0.269,0.092,4.45276774439457e-224,3,Csf2ra
Mcl11,3.68387717435334e-228,0.556788503910428,0.621,0.31,5.95867132951653e-224,3,Mcl1
Marcks1,6.49660249523648e-225,0.623700324445258,0.41,0.171,1.0508254536045e-220,3,Marcks
Smpdl3a,2.1243100586627e-222,0.83251854558874,0.318,0.12,3.43607151988692e-218,3,Smpdl3a
Aldh2,4.52525969586897e-221,0.963767309326924,0.282,0.101,7.31960755806806e-217,3,Aldh2
Arpc1b1,1.57653996186708e-217,0.537541829160559,0.804,0.464,2.55005338832e-213,3,Arpc1b
Svil,8.3850122083803e-212,0.907114519033214,0.257,0.089,1.35627572470551e-207,3,Svil
Snap23,1.38727736330263e-211,0.779627717853,0.328,0.129,2.24392113514201e-207,3,Snap23
Ldha,1.39756950786768e-211,0.810849693819651,0.324,0.126,2.26056867897597e-207,3,Ldha
Actg1,4.84152291071932e-206,0.683712616405486,0.419,0.184,7.83116330808851e-202,3,Actg1
Lsp11,4.73326384884927e-204,0.560131984288963,0.655,0.35,7.65605427551369e-200,3,Lsp1
Picalm1,5.45260842812598e-204,0.641125226783425,0.391,0.167,8.81959413249377e-200,3,Picalm
Sirpb1b,5.44174166195216e-198,0.720744582478614,0.286,0.107,8.80201713820762e-194,3,Sirpb1b
Gcnt2,4.19641098252931e-197,0.821913340128023,0.253,0.09,6.78769476424116e-193,3,Gcnt2
Lamp2,4.12961381502438e-195,0.784938386205679,0.301,0.117,6.67965034580193e-191,3,Lamp2
Iqgap11,9.95419552478718e-195,0.5089974972124,0.66,0.353,1.61009112613433e-190,3,Iqgap1
Eno1,6.40364124981408e-190,0.83139309007205,0.279,0.107,1.03578897215743e-185,3,Eno1
H2-Q10,7.14276319435812e-189,0.659988776789781,0.283,0.108,1.15534194668743e-184,3,H2-Q10
Emilin2,5.15746135663911e-186,0.758861301354035,0.264,0.098,8.34219374436376e-182,3,Emilin2
Hcls1,1.18443012564456e-185,0.612924656672337,0.365,0.156,1.91581572823007e-181,3,Hcls1
Kdm7a,2.60823397911926e-185,0.659492987119103,0.356,0.152,4.21881846122541e-181,3,Kdm7a
Lyst1,2.08274766392115e-184,0.604351693271047,0.344,0.144,3.36884434639247e-180,3,Lyst
Ppp1r18,9.59814555505517e-182,0.709455140031838,0.29,0.114,1.55250004353017e-177,3,Ppp1r18
Zfp361,7.92217734967362e-178,0.561385261265781,0.39,0.176,1.28141218630971e-173,3,Zfp36
Gpcpd11,3.85404716843739e-177,0.559505644621142,0.389,0.176,6.23392129494748e-173,3,Gpcpd1
Cdk2ap21,4.70448226214437e-176,0.511277368069499,0.507,0.261,7.60950005901852e-172,3,Cdk2ap2
Plbd1,1.63714045574087e-175,0.68478885630102,0.305,0.125,2.64807468716085e-171,3,Plbd1
Capza1,4.52521470372828e-174,0.759908706550397,0.252,0.095,7.3195347832805e-170,3,Capza1
Myl12b,1.26708826022546e-173,0.524735251006446,0.513,0.255,2.04951526091468e-169,3,Myl12b
Stk17b1,2.82403026516098e-172,0.502963273630339,0.503,0.251,4.56786895389788e-168,3,Stk17b
Gnb2,5.19010511442352e-172,0.609799040017136,0.355,0.156,8.39499502258005e-168,3,Gnb2
Arhgdib,3.21876646866934e-162,0.511689891050991,0.818,0.544,5.20635476307267e-158,3,Arhgdib
Myl6,1.284767085015e-157,0.510721906993234,0.455,0.226,2.07811076001176e-153,3,Myl6
2310001H17Rik,3.91788736185732e-146,0.650327668733993,0.25,0.102,6.33718280780421e-142,3,2310001H17Rik
Cd84,1.13819695116806e-145,0.545063608434468,0.275,0.116,1.84103356851433e-141,3,Cd84
Pten,6.14042963393004e-143,0.543671820181743,0.256,0.106,9.93214493288185e-139,3,Pten
Tnfaip2,2.25751927910998e-134,0.523776838864277,0.254,0.107,3.65153743396039e-130,3,Tnfaip2
Rnf149,6.60430210352425e-133,0.540626965878552,0.255,0.109,1.06824586524505e-128,3,Rnf149
Lrrfip1,3.34474751906341e-124,0.515574406421683,0.275,0.124,5.41012911208506e-120,3,Lrrfip1
Cpne3,1.72177533970736e-123,0.568162363441819,0.281,0.129,2.78497161197665e-119,3,Cpne3
Il1b1,0,1.99160200119087,0.906,0.269,0,4,Il1b
Cxcr22,0,1.72176585080262,0.931,0.298,0,4,Cxcr2
Ifitm12,0,2.09954598676614,0.936,0.313,0,4,Ifitm1
Lrg12,0,1.96559445482541,0.866,0.263,0,4,Lrg1
Slpi2,0,1.92069178988251,0.904,0.31,0,4,Slpi
Msrb12,0,1.79532221500734,0.938,0.36,0,4,Msrb1
Ifitm22,0,1.73627979632081,0.92,0.355,0,4,Ifitm2
Retnlg2,0,0.966804512366451,0.956,0.393,0,4,Retnlg
Hp2,0,1.54090187023478,0.924,0.362,0,4,Hp
Wfdc212,0,1.29939908294779,0.884,0.324,0,4,Wfdc21
Alox5ap2,0,1.57690546557348,0.96,0.404,0,4,Alox5ap
Wfdc172,0,1.88121324108093,0.971,0.419,0,4,Wfdc17
Ccl62,0,1.69189946358381,0.876,0.325,0,4,Ccl6
S100a112,0,1.59258193520051,0.985,0.439,0,4,S100a11
Csf3r2,0,2.13602774543805,0.7,0.173,0,4,Csf3r
Tyrobp2,0,1.48482167137877,0.974,0.451,0,4,Tyrobp
Selplg2,0,1.83352363695591,0.77,0.267,0,4,Selplg
Dusp12,0,2.07821698174558,0.686,0.186,0,4,Dusp1
Zyx2,0,1.94203352758135,0.727,0.23,0,4,Zyx
Gda2,0,1.48017926401918,0.781,0.29,0,4,Gda
Grina2,0,2.02453195385364,0.674,0.185,0,4,Grina
Anxa22,0,1.44699098764978,0.809,0.328,0,4,Anxa2
Pla2g72,0,1.90332149564466,0.682,0.203,0,4,Pla2g7
Anxa12,0,1.58726131407428,0.751,0.275,0,4,Anxa1
Mxd12,0,1.72822182310211,0.683,0.212,0,4,Mxd1
Clec7a2,0,1.6437804277985,0.706,0.237,0,4,Clec7a
Taldo12,0,1.58192363734725,0.785,0.317,0,4,Taldo1
Fcer1g2,0,1.29295837710726,0.827,0.363,0,4,Fcer1g
S100a62,0,1.09751499132959,0.865,0.402,0,4,S100a6
Lcn22,0,1.09758452824548,0.731,0.277,0,4,Lcn2
Fxyd52,0,1.43917420913175,0.843,0.391,0,4,Fxyd5
Tpd522,0,1.5709197363383,0.729,0.283,0,4,Tpd52
Pglyrp12,0,1.48945663956285,0.676,0.235,0,4,Pglyrp1
Adipor12,0,1.71783718493509,0.639,0.215,0,4,Adipor1
Srgn2,0,1.53931623291118,0.976,0.552,0,4,Srgn
Lcp12,0,1.26222678536427,0.951,0.532,0,4,Lcp1
Spi12,0,1.56604904951665,0.656,0.249,0,4,Spi1
Clec4d2,0,1.98314025094455,0.547,0.142,0,4,Clec4d
Prr132,0,1.29290055264331,0.725,0.321,0,4,Prr13
S100a92,0,1.49734134040219,1,0.6,0,4,S100a9
Cd300ld2,0,1.98967476157306,0.519,0.133,0,4,Cd300ld
Fgl21,0,2.43340650917612,0.478,0.092,0,4,Fgl2
Gsr2,0,1.48639046579459,0.599,0.213,0,4,Gsr
Slfn12,0,1.56497699417295,0.596,0.21,0,4,Slfn1
Ccr12,0,1.74398790937739,0.547,0.163,0,4,Ccr1
Mmp92,0,1.75101842950338,0.531,0.157,0,4,Mmp9
Txn12,0,1.46355614053791,0.618,0.245,0,4,Txn1
Lilr4b2,0,1.48393421499736,0.562,0.195,0,4,Lilr4b
Pirb2,0,1.58469728655023,0.564,0.197,0,4,Pirb
Marcks2,0,1.73750927862139,0.52,0.156,0,4,Marcks
Fcgr32,0,1.78220647607325,0.534,0.171,0,4,Fcgr3
Rgs22,0,1.47296861605357,0.595,0.235,0,4,Rgs2
Map1lc3b2,0,1.48376381563031,0.586,0.228,0,4,Map1lc3b
Pygl2,0,1.58134274411449,0.53,0.177,0,4,Pygl
Il1r22,0,2.01106032213879,0.477,0.125,0,4,Il1r2
Hmgb22,0,1.15481029197449,0.65,0.299,0,4,Hmgb2
Ftl11,0,0.97343854541316,0.891,0.542,0,4,Ftl1
Hdc1,0,2.15913780252274,0.458,0.111,0,4,Hdc
Cd442,0,1.79190909505132,0.505,0.159,0,4,Cd44
Junb2,0,1.47043127565153,0.569,0.226,0,4,Junb
Tspo2,0,1.27708250049371,0.615,0.275,0,4,Tspo
Cd300lf1,0,2.00961452497278,0.458,0.12,0,4,Cd300lf
Mcemp12,0,1.57348617636914,0.501,0.175,0,4,Mcemp1
S100a82,0,1.37756420074935,1,0.674,0,4,S100a8
Il1f92,0,1.77024288594696,0.459,0.134,0,4,Il1f9
Rac22,0,0.991033004559132,0.73,0.408,0,4,Rac2
H2-Q101,0,2.24599035034062,0.412,0.09,0,4,H2-Q10
Lsp12,0,1.05808505639776,0.665,0.349,0,4,Lsp1
Litaf2,0,1.71700798076716,0.466,0.151,0,4,Litaf
Mcl12,0,1.06934805990343,0.624,0.31,0,4,Mcl1
Vim1,0,1.36179622966929,0.595,0.282,0,4,Vim
Iqgap12,0,0.947308595099866,0.664,0.353,0,4,Iqgap1
Fos1,0,1.44227469122787,0.511,0.2,0,4,Fos
Mrpl332,0,1.31988119555144,0.541,0.231,0,4,Mrpl33
Gpcpd12,0,1.5711084556316,0.474,0.164,0,4,Gpcpd1
Pkm2,0,1.31939088194363,0.532,0.224,0,4,Pkm
Cebpd1,0,2.08056109323712,0.405,0.103,0,4,Cebpd
Nudt42,0,1.34329824190772,0.475,0.177,0,4,Nudt4
Prdx52,0,1.03893249074724,0.575,0.277,0,4,Prdx5
Atg32,0,1.3626259407226,0.482,0.189,0,4,Atg3
Sat12,0,1.03085939158076,0.572,0.281,0,4,Sat1
Ubb1,0,0.909451261195267,0.835,0.545,0,4,Ubb
Nfam12,0,1.61501863899329,0.438,0.149,0,4,Nfam1
Stfa2l12,0,1.54652387658001,0.426,0.137,0,4,Stfa2l1
Sirpb1b1,0,2.16852113019169,0.382,0.094,0,4,Sirpb1b
Gabarap2,0,1.18308188785734,0.526,0.239,0,4,Gabarap
Cd331,0,1.98848585322071,0.386,0.101,0,4,Cd33
Jaml,0,1.96134191038708,0.383,0.099,0,4,Jaml
App2,0,1.31058489195945,0.458,0.176,0,4,App
Ctsd1,0,1.62464564022271,0.435,0.153,0,4,Ctsd
Slfn42,0,1.34139789340615,0.439,0.158,0,4,Slfn4
Slc40a11,0,1.96696370174193,0.366,0.087,0,4,Slc40a1
Igsf61,0,1.36966010723592,0.445,0.172,0,4,Igsf6
Cdk2ap22,0,1.46821607571082,0.529,0.258,0,4,Cdk2ap2
Rhog2,0,1.41525426211631,0.442,0.173,0,4,Rhog
Lmnb11,0,2.09175291254969,0.356,0.088,0,4,Lmnb1
Zfp362,0,1.42287628982872,0.437,0.169,0,4,Zfp36
Clec4e1,0,1.82713490478127,0.374,0.109,0,4,Clec4e
Atp6v1g11,0,1.49953028396697,0.416,0.152,0,4,Atp6v1g1
Tnfaip21,0,1.8623283769018,0.357,0.093,0,4,Tnfaip2
Plek2,0,1.28553716658565,0.452,0.189,0,4,Plek
Pilra1,0,1.83635998611858,0.371,0.111,0,4,Pilra
Trim30b1,0,1.6919240549404,0.371,0.113,0,4,Trim30b
Fbxl52,0,1.48314265854086,0.399,0.142,0,4,Fbxl5
Picalm2,0,1.29224530138163,0.42,0.163,0,4,Picalm
Ncf22,0,1.3254510360888,0.428,0.174,0,4,Ncf2
Gm5150,0,2.07283914069804,0.329,0.081,0,4,Gm5150
Tgfbi1,0,1.73221611239896,0.363,0.116,0,4,Tgfbi
Asprv11,0,1.72914950609172,0.344,0.102,0,4,Asprv1
Snap231,0,1.52517854829995,0.366,0.124,0,4,Snap23
Hist1h2bc,0,2.03659652912192,0.317,0.081,0,4,Hist1h2bc
Ogfrl12,0,1.44442214292062,0.371,0.136,0,4,Ogfrl1
Glipr21,0,1.79958893112352,0.337,0.103,0,4,Glipr2
Chil11,0,1.52820968688803,0.349,0.117,0,4,Chil1
Entpd1,0,2.27028497414524,0.287,0.062,0,4,Entpd1
Dhrs71,0,1.49350561789817,0.348,0.126,0,4,Dhrs7
Gcnt21,0,1.77302878069006,0.305,0.083,0,4,Gcnt2
Fth12,0,0.976227880950868,0.932,0.712,0,4,Fth1
Il1rap,0,2.27899623232893,0.27,0.055,0,4,Il1rap
C5ar11,0,1.9578388494295,0.286,0.073,0,4,C5ar1
Eif4ebp11,0,1.63308215175469,0.316,0.105,0,4,Eif4ebp1
Igfbp6,0,2.55001320670593,0.255,0.046,0,4,Igfbp6
Siglece1,0,2.13185679588148,0.272,0.065,0,4,Siglece
Pi161,0,2.02476263621319,0.277,0.072,0,4,Pi16
Rnf1491,0,1.54546581213965,0.307,0.102,0,4,Rnf149
Steap4,0,2.32335403415824,0.252,0.053,0,4,Steap4
Arg21,0,2.11211700858581,0.262,0.064,0,4,Arg2
Tnfsf14,0,2.00561063777648,0.259,0.063,0,4,Tnfsf14
Dhrs91,0,1.69903041135931,0.27,0.081,0,4,Dhrs9
Tmsb4x2,0,0.636345749363822,0.996,0.896,0,4,Tmsb4x
Actb2,0,0.763605571436213,0.999,0.94,0,4,Actb
Slfn21,2.84087976521797e-297,0.873153471428243,0.733,0.443,4.59512302024006e-293,4,Slfn2
Fpr11,3.96551928028145e-297,1.55895120934161,0.31,0.108,6.41422743585524e-293,4,Fpr1
Gm54832,3.59230691057441e-288,1.23833712847474,0.334,0.121,5.81055642785411e-284,4,Gm5483
Trem31,9.43860025746683e-285,1.73046837628629,0.257,0.081,1.52669359164526e-280,4,Trem3
Csf2rb1,1.12985717489908e-284,1.47250274880956,0.309,0.109,1.82754398039926e-280,4,Csf2rb
Sorl11,1.90157439106976e-284,0.982500104548412,0.527,0.254,3.07579657755534e-280,4,Sorl1
AB1246112,2.67334594559632e-284,1.20750349647946,0.433,0.19,4.32413706700205e-280,4,AB124611
Cebpb1,2.83430244921251e-275,1.38355712690922,0.341,0.131,4.58448421160124e-271,4,Cebpb
Ifitm32,1.7902363899533e-273,0.788316322354627,0.584,0.286,2.89570736074946e-269,4,Ifitm3
R3hdm41,1.85629560124826e-273,1.55838195059336,0.279,0.095,3.00255813501907e-269,4,R3hdm4
Stk17b2,2.35101442215127e-271,1.05879530055424,0.51,0.25,3.80276582782968e-267,4,Stk17b
2310001H17Rik1,3.37707158944539e-263,1.44551575999455,0.282,0.097,5.46241329592791e-259,4,2310001H17Rik
Ptprc1,1.55292827860445e-249,0.648690361689689,0.869,0.641,2.51186149064269e-245,4,Ptprc
Lst1,1.93344928205821e-246,1.29683328734121,0.326,0.129,3.12735421372915e-242,4,Lst1
Rdh121,8.78453623737884e-242,1.54056513459563,0.268,0.095,1.42089873639603e-237,4,Rdh12
Gmfg2,7.81231204937468e-239,0.975640214601672,0.498,0.253,1.26364147398635e-234,4,Gmfg
Vasp1,2.10591809123395e-237,1.23533146088897,0.368,0.161,3.40632251257091e-233,4,Vasp
Trim30a1,8.1291508662584e-236,1.05191347874089,0.434,0.205,1.3148901526173e-231,4,Trim30a
Gpsm32,4.29801063721795e-234,1.12613135192856,0.385,0.172,6.95203220570004e-230,4,Gpsm3
Ostf12,3.1153771693334e-233,1.01036001748873,0.468,0.234,5.03912257139677e-229,4,Ostf1
Mtus11,1.30944128007781e-229,1.38130461106063,0.275,0.102,2.11802127052586e-225,4,Mtus1
Sdcbp1,1.02749014547573e-228,1.4386798596512,0.282,0.108,1.661965310307e-224,4,Sdcbp
H2-D11,5.56040507047628e-227,0.527360659436669,0.942,0.784,8.99395520149539e-223,4,H2-D1
Adgre5,2.00318854813734e-220,1.26505671160652,0.3,0.12,3.24015747661215e-216,4,Adgre5
Klf6,2.09362870659078e-220,1.10871516200653,0.387,0.178,3.38644443291059e-216,4,Klf6
Cdkn2d1,7.7422592121907e-216,1.25137044487679,0.314,0.13,1.25231042757185e-211,4,Cdkn2d
Fam32a,3.67152004235364e-212,1.19736811571547,0.319,0.134,5.93868366850702e-208,4,Fam32a
Ypel31,6.7166415734841e-212,0.925606973340698,0.485,0.253,1.08641677451105e-207,4,Ypel3
Cotl12,6.57080081239197e-211,0.929676828419796,0.495,0.264,1.0628270314044e-206,4,Cotl1
Emb2,6.97609783923867e-209,1.02068830605069,0.402,0.193,1.12838382549686e-204,4,Emb
Arpc32,2.77235016857247e-208,0.992931075989222,0.45,0.23,4.48427639766597e-204,4,Arpc3
Pgd1,3.22385203296681e-208,1.41611727930202,0.266,0.103,5.21458066332382e-204,4,Pgd
Vsir1,3.54307033590496e-208,1.23903403692985,0.33,0.145,5.73091626832627e-204,4,Vsir
Gpx1,5.0385704621175e-208,0.574539032031396,0.722,0.439,8.14988772247505e-204,4,Gpx1
Txnip,1.45326991780665e-203,1.18084037380255,0.321,0.138,2.35066409205225e-199,4,Txnip
Skap21,4.49061306631598e-203,1.26172337868174,0.289,0.118,7.2635666347661e-199,4,Skap2
March7,1.07444400340744e-199,1.18740131513062,0.293,0.12,1.73791317551153e-195,4,March7
Gapdh2,3.06926629279044e-199,1.04526986700396,0.394,0.192,4.96453822858853e-195,4,Gapdh
Arrb21,3.43551034673146e-186,1.17464434969689,0.291,0.124,5.55693798583814e-182,4,Arrb2
Fpr21,7.26061109237513e-183,1.34537231182432,0.261,0.107,1.17440384419168e-178,4,Fpr2
Atxn101,9.96919802553662e-183,1.27962251067819,0.271,0.113,1.61251778063055e-178,4,Atxn10
Gnai22,7.29307078226281e-180,0.748835815945517,0.516,0.288,1.17965419903101e-175,4,Gnai2
Emilin21,2.31233157006278e-178,1.21576958070388,0.251,0.1,3.74019631457655e-174,4,Emilin2
Gpi11,3.76593960449777e-176,1.03179326629018,0.349,0.168,6.09140731027515e-172,4,Gpi1
Mmp82,1.22153720357447e-174,0.526732483326882,0.47,0.239,1.9758364267817e-170,4,Mmp8
Lyst2,3.39096779270375e-171,1.01084817041273,0.321,0.148,5.48489040469832e-167,4,Lyst
Resf1,2.88902568383484e-169,0.97543493332224,0.35,0.169,4.67299904360285e-165,4,Resf1
Arpc1b2,3.39505865045889e-161,0.602609406016192,0.709,0.478,5.49150736711725e-157,4,Arpc1b
Ube2b1,3.26622059175733e-160,0.902994982205086,0.382,0.196,5.28311180716749e-156,4,Ube2b
Aldoa1,6.92477783483431e-159,0.986119158947676,0.385,0.205,1.12008281478445e-154,4,Aldoa
Ucp2,3.0301232292914e-156,1.11093636006681,0.293,0.137,4.90122432337883e-152,4,Ucp2
Sem12,1.29157106082107e-152,0.708339214489103,0.54,0.326,2.08911619087808e-148,4,Sem1
Ddx61,8.74220421859661e-149,0.768288356926929,0.447,0.25,1.414051532358e-144,4,Ddx6
Itgb21,1.64859070206321e-146,1.15857380319502,0.266,0.122,2.66659546058725e-142,4,Itgb2
Dazap2,5.61592717746283e-146,0.908530136191979,0.343,0.175,9.08376220954613e-142,4,Dazap2
Hcls11,7.33929708081056e-146,0.936672318508389,0.325,0.162,1.18713130282111e-141,4,Hcls1
Itm2b2,4.34943280790479e-143,0.587998598629849,0.651,0.423,7.035207566786e-139,4,Itm2b
Tsc22d3,6.19678654408583e-142,0.804954939330071,0.373,0.196,1.00233022350588e-137,4,Tsc22d3
Cyp4f181,5.66979448968128e-139,1.03534702000582,0.269,0.125,9.17089258705947e-135,4,Cyp4f18
Cap12,6.47955949215617e-138,0.822010488473242,0.382,0.208,1.04806874785626e-133,4,Cap1
Sla,1.08011517860377e-137,1.00106714948509,0.273,0.128,1.7470863013916e-133,4,Sla
Ptpn11,1.66979511319524e-134,0.762294768737651,0.404,0.228,2.70089359559331e-130,4,Ptpn1
Lamp21,1.91649534324571e-133,1.14478509663387,0.259,0.123,3.09993121769993e-129,4,Lamp2
Gnb21,2.27865555292731e-133,0.939115309988144,0.315,0.161,3.68572535685992e-129,4,Gnb2
Fyb1,5.12753785604304e-133,0.699652874969663,0.411,0.23,8.29379248214962e-129,4,Fyb
Cdc42se1,2.28542137908477e-132,0.845285276853922,0.355,0.19,3.69666908066962e-128,4,Cdc42se1
Cd53,8.66555358030168e-132,0.77171808460028,0.41,0.232,1.4016532916138e-127,4,Cd53
Tspan13,1.81413862676744e-130,1.0400173214304,0.259,0.122,2.93436922879633e-126,4,Tspan13
Cdkn1b,6.83134445874722e-129,0.768784718538478,0.38,0.209,1.10496996620236e-124,4,Cdkn1b
Rac1,1.57824886361483e-126,0.860521635977009,0.328,0.173,2.55281753689699e-122,4,Rac1
Sh3glb11,4.01486855709915e-122,0.71227737803261,0.383,0.214,6.49404989110787e-118,4,Sh3glb1
Lbr1,1.92341773002197e-120,0.957869440503339,0.259,0.126,3.11112817831054e-116,4,Lbr
Zfand5,2.45576643648157e-119,0.848539835024427,0.309,0.162,3.97220221100894e-115,4,Zfand5
Btg1,1.45993161458942e-113,0.715881794156055,0.367,0.206,2.36143938659839e-109,4,Btg1
Kdm7a1,1.74530668519137e-112,0.780292814820892,0.305,0.16,2.82303356329704e-108,4,Kdm7a
Klf3,2.22408361445809e-108,0.715345772996852,0.353,0.2,3.59745524638596e-104,4,Klf3
Myl12b1,1.68851789716853e-105,0.648477955710328,0.433,0.267,2.7311776986701e-101,4,Myl12b
Tmbim61,3.642770171897e-103,0.652003221433235,0.414,0.251,5.89218075304339e-99,4,Tmbim6
Actg11,1.35959040584867e-102,0.716201003397785,0.342,0.195,2.19913748146023e-98,4,Actg1
Diaph1,1.83762314599507e-102,0.798866243421397,0.298,0.161,2.97235543864703e-98,4,Diaph1
Rsrp1,2.33158744541548e-101,0.507312409344949,0.585,0.395,3.77134269295955e-97,4,Rsrp1
Supt4a,4.18175496553835e-100,0.859631182966272,0.251,0.128,6.76398865675828e-96,4,Supt4a
Cnn22,1.9895708001894e-97,0.634318847867102,0.41,0.253,3.21813076930636e-93,4,Cnn2
Plbd11,2.7091804871005e-94,0.839941704261754,0.253,0.133,4.38209943788506e-90,4,Plbd1
Hcst,5.3430989156161e-93,0.773222462992064,0.259,0.137,8.64246249600903e-89,4,Hcst
Apbb1ip1,1.46641008372123e-87,0.607120743803761,0.374,0.228,2.37191831041909e-83,4,Apbb1ip
Cd24a1,8.24251497486926e-85,0.697257936992044,0.277,0.154,1.3332267971851e-80,4,Cd24a
Clic1,2.49956281204399e-84,0.593359329732526,0.39,0.246,4.04304284848115e-80,4,Clic1
Lyn,3.07374754747782e-84,0.534743984073768,0.352,0.209,4.97178665804537e-80,4,Lyn
Calm2,4.18574266497537e-81,0.569978307043201,0.354,0.216,6.77043876059766e-77,4,Calm2
Klf13,8.89582511066174e-81,0.601334126693267,0.338,0.203,1.43889971164954e-76,4,Klf13
Vamp8,7.06098204170858e-76,0.702243991578318,0.252,0.141,1.14211384524636e-71,4,Vamp8
Ubl5,1.16491922727806e-74,0.596624293804432,0.32,0.195,1.88425685012226e-70,4,Ubl5
Jund,2.71133897395738e-74,0.57828923847475,0.262,0.146,4.38559079037606e-70,4,Jund
Stk38,3.6592450336455e-58,0.61755634852761,0.253,0.154,5.9188288419216e-54,4,Stk38
Pak2,7.92503464984219e-51,0.556346302973632,0.251,0.157,1.28187435461197e-46,4,Pak2
Ubc,1.19044011530838e-47,0.514476009263962,0.264,0.17,1.92553688651131e-43,4,Ubc
Sri1,6.11409573534786e-42,0.560397865267472,0.259,0.173,9.88954985192517e-38,4,Sri
Trbc2,0,7.23197101414275,0.629,0.01,0,5,Trbc2
Ms4a4b,0,4.8805535239413,0.631,0.028,0,5,Ms4a4b
Rpl122,0,2.22815757178197,0.796,0.272,0,5,Rpl12
Tmsb10,0,1.87237647159599,0.809,0.33,0,5,Tmsb10
Rps182,0,1.83717798995983,0.853,0.384,0,5,Rps18
Rpl52,0,1.92112664951122,0.778,0.313,0,5,Rpl5
Rpl142,0,1.76570257212261,0.838,0.376,0,5,Rpl14
Rplp11,0,2.1653025135288,0.938,0.489,0,5,Rplp1
Rpl322,0,1.69952801607709,0.882,0.436,0,5,Rpl32
Rpl310,0,1.7908225695097,0.744,0.299,0,5,Rpl3
Rps202,0,1.67626623758733,0.81,0.37,0,5,Rps20
Rps282,0,1.75769577226407,0.77,0.336,0,5,Rps28
Rps4x2,0,1.60482271370822,0.854,0.421,0,5,Rps4x
Rps15a2,0,1.75416839176598,0.914,0.483,0,5,Rps15a
Rplp22,0,1.78532275653189,0.875,0.444,0,5,Rplp2
Rplp01,0,1.97628323533723,0.809,0.379,0,5,Rplp0
Lef1,0,6.40832383147064,0.438,0.009,0,5,Lef1
Il7r,0,7.05034073124347,0.435,0.007,0,5,Il7r
Trac,0,8.19525006025553,0.432,0.004,0,5,Trac
Rps242,0,1.70471500061933,0.924,0.498,0,5,Rps24
Rps72,0,1.75643109932708,0.84,0.414,0,5,Rps7
Rps192,0,1.51481594903596,0.936,0.513,0,5,Rps19
Cd3d,0,7.61357945107633,0.429,0.006,0,5,Cd3d
Rps52,0,1.54709485878892,0.885,0.462,0,5,Rps5
Rpl36a2,0,1.9408429810626,0.66,0.24,0,5,Rpl36a
Rpsa2,0,1.74498694249378,0.735,0.316,0,5,Rpsa
Rps62,0,1.6789772910608,0.765,0.35,0,5,Rps6
Ms4a6b,0,3.26923511826084,0.48,0.066,0,5,Ms4a6b
Rps212,0,1.62052787598941,0.832,0.42,0,5,Rps21
Rps82,0,1.60485234377311,0.84,0.43,0,5,Rps8
H2-K11,0,1.53002071436207,0.796,0.387,0,5,H2-K1
Rpl43,0,1.46149049871849,0.843,0.439,0,5,Rpl4
Rpl82,0,1.54160673411608,0.805,0.402,0,5,Rpl8
Rpl232,0,1.62290185655538,0.802,0.4,0,5,Rpl23
Rps152,0,1.48554538891533,0.805,0.407,0,5,Rps15
Rpl192,0,1.5586248225727,0.764,0.366,0,5,Rpl19
Rps210,0,1.70093930284477,0.695,0.298,0,5,Rps2
Rps232,0,1.63547965781927,0.843,0.446,0,5,Rps23
Rps262,0,1.51716359144661,0.816,0.419,0,5,Rps26
Rps172,0,1.63774103074272,0.716,0.321,0,5,Rps17
Rps3a12,0,1.55687403087308,0.845,0.45,0,5,Rps3a1
Rpl132,0,1.53532271831913,0.91,0.518,0,5,Rpl13
Rpl212,0,1.48246650776486,0.769,0.379,0,5,Rpl21
Eef1a12,0,1.49029268099144,0.864,0.476,0,5,Eef1a1
Rpl23a2,0,1.6023461852101,0.795,0.414,0,5,Rpl23a
Rps132,0,1.51039767565471,0.832,0.452,0,5,Rps13
Rpl392,0,1.52883829253022,0.719,0.342,0,5,Rpl39
Rps32,0,1.57207538066353,0.877,0.502,0,5,Rps3
Rack12,0,1.50622166040521,0.666,0.297,0,5,Rack1
Rpl362,0,1.52362473968914,0.641,0.275,0,5,Rpl36
Rps161,0,1.61191623204596,0.876,0.517,0,5,Rps16
Rps112,0,1.43166472679418,0.794,0.438,0,5,Rps11
Rpl382,0,1.52320950348475,0.648,0.294,0,5,Rpl38
Rpl302,0,1.54439658012861,0.704,0.35,0,5,Rpl30
Rpl352,0,1.47975289369135,0.627,0.273,0,5,Rpl35
Rpl112,0,1.40158307862598,0.749,0.396,0,5,Rpl11
Rpl182,0,1.53010142393903,0.657,0.306,0,5,Rpl18
Rpl37a2,0,1.35908743466321,0.831,0.482,0,5,Rpl37a
Rpl27a2,0,1.37376819407329,0.764,0.416,0,5,Rpl27a
Tpt11,0,1.62469410458359,0.754,0.407,0,5,Tpt1
Rpl172,0,1.48447967221266,0.826,0.479,0,5,Rpl17
Rpl312,0,1.49601484747789,0.677,0.331,0,5,Rpl31
Npm11,0,1.95623456502866,0.498,0.153,0,5,Npm1
Rps102,0,1.49737737080742,0.69,0.346,0,5,Rps10
Rps292,0,1.4847598621467,0.879,0.539,0,5,Rps29
Rpl262,0,1.22119004207951,0.8,0.464,0,5,Rpl26
Thy1,0,6.65815880249484,0.339,0.005,0,5,Thy1
Rpl272,0,1.34016362912131,0.68,0.348,0,5,Rpl27
Trbc1,0,5.86478586422305,0.342,0.01,0,5,Trbc1
Rpl18a2,0,1.25058872229035,0.864,0.534,0,5,Rpl18a
H2-Q7,0,2.91423715952303,0.387,0.058,0,5,H2-Q7
Rpl35a2,0,1.31095576076049,0.734,0.407,0,5,Rpl35a
Rpl62,0,1.34823879062828,0.644,0.318,0,5,Rpl6
Rps142,0,1.54416314454701,0.927,0.606,0,5,Rps14
Rpl222,0,1.39821321350728,0.585,0.264,0,5,Rpl22
Rps121,0,1.36457558064276,0.753,0.433,0,5,Rps12
Rpl342,0,1.22141472511339,0.761,0.443,0,5,Rpl34
Rpl92,0,1.33440000873454,0.777,0.46,0,5,Rpl9
Eef1b21,0,1.81872632792876,0.498,0.187,0,5,Eef1b2
Cd8b1,0,8.38774922259233,0.311,0.002,0,5,Cd8b1
Hsp90ab12,0,1.18043486344701,0.631,0.323,0,5,Hsp90ab1
Rpl151,0,1.669709656106,0.488,0.182,0,5,Rpl15
Rpl22l11,0,1.97077917902898,0.429,0.129,0,5,Rpl22l1
Rpl10a1,0,1.58513240433709,0.463,0.169,0,5,Rpl10a
Sept11,0,2.0479316730442,0.393,0.102,0,5,Sept1
Cd3g,0,7.8080581324482,0.294,0.003,0,5,Cd3g
Tcf7,0,7.60182873307162,0.289,0.002,0,5,Tcf7
Rpl411,0,1.11826672900884,0.781,0.499,0,5,Rpl41
Rpl72,0,1.14556167552759,0.626,0.349,0,5,Rpl7
Uba522,0,1.26769445880515,0.524,0.25,0,5,Uba52
Ppia1,0,1.37892547282273,0.478,0.205,0,5,Ppia
Lck,0,4.88595464462192,0.282,0.01,0,5,Lck
Rpl13a1,0,1.50857243719605,0.436,0.168,0,5,Rpl13a
Atp1b3,0,2.61905760010166,0.342,0.075,0,5,Atp1b3
Rps251,0,1.04973378827464,0.697,0.44,0,5,Rps25
Lat,0,6.38157975336597,0.261,0.005,0,5,Lat
Dapl1,0,9.06377283161354,0.252,0.001,0,5,Dapl1
Pabpc1,0,1.09204841778684,0.729,0.481,0,5,Pabpc1
Gimap3,0,2.30567270255853,0.305,0.062,0,5,Gimap3
Rps272,0,1.20438046201379,0.948,0.709,0,5,Rps27
Wdr891,0,1.62981580864769,0.373,0.136,0,5,Wdr89
Gimap4,0,2.02591570286967,0.295,0.071,0,5,Gimap4
Ablim11,0,1.76564976238958,0.307,0.085,0,5,Ablim1
Rpl371,0,1.02310179886854,0.753,0.531,0,5,Rpl37
Rps27a,0,1.12871930632681,0.822,0.601,0,5,Rps27a
Smc4,0,2.45107783841052,0.293,0.076,0,5,Smc4
mt-Rnr12,0,0.872989406159734,0.93,0.763,0,5,mt-Rnr1
mt-Rnr22,0,0.713550683032796,1,0.991,0,5,mt-Rnr2
Rpl7a1,5.34358910891266e-304,1.2247855566829,0.521,0.258,8.64325538366623e-300,5,Rpl7a
Pdcd4,2.83079148576059e-302,1.79428478021114,0.29,0.094,4.57880522821776e-298,5,Pdcd4
Gm97941,4.32633107754401e-293,1.58275716926649,0.33,0.12,6.99784051792743e-289,5,Gm9794
Rpl101,1.66941643693484e-291,1.12049497258757,0.568,0.301,2.7002810867421e-287,5,Rpl10
Rapgef6,5.95631004604159e-290,1.67407759520887,0.364,0.145,9.63433149947228e-286,5,Rapgef6
mt-Cytb2,3.03826277428588e-289,0.917563570510218,0.677,0.394,4.91439003740741e-285,5,mt-Cytb
Naca1,2.55336348312596e-288,1.32860443600339,0.435,0.193,4.13006543395624e-284,5,Naca
Eef1g1,3.42156311818206e-280,1.40650189537447,0.366,0.144,5.53437834365948e-276,5,Eef1g
Rpl291,2.22963240311635e-279,1.33529987859278,0.425,0.189,3.6064304120407e-275,5,Rpl29
Rps24-ps3,1.77524348156898e-273,1.61641769543693,0.272,0.088,2.87145633143782e-269,5,Rps24-ps3
Gas51,6.80444365885968e-272,1.40744987639563,0.378,0.156,1.10061876182055e-267,5,Gas5
Gm114781,8.09325707751398e-267,1.39252288996787,0.36,0.145,1.30908433228789e-262,5,Gm11478
Serbp12,8.37314480081616e-266,1.15638393745566,0.495,0.245,1.35435617153201e-261,5,Serbp1
B2m,4.39513621181306e-255,0.689167584071387,0.841,0.699,7.10913282260763e-251,5,B2m
Fkbp3,1.70638120162694e-253,1.53521051804161,0.259,0.084,2.76007159363158e-249,5,Fkbp3
Rpl281,1.37898889231174e-251,1.22503291994365,0.461,0.228,2.23051453331424e-247,5,Rpl28
Ncl1,1.11195535069435e-247,1.2370680560231,0.41,0.184,1.79858777974811e-243,5,Ncl
mt-Nd12,3.41593413783258e-242,0.965623290783876,0.545,0.287,5.5252734679442e-238,5,mt-Nd1
Mbnl1,1.26896414987113e-241,1.36804315079629,0.38,0.168,2.05254951241655e-237,5,Mbnl1
Rps16-ps2,1.75080476697224e-241,1.67941634625938,0.261,0.09,2.8319267105776e-237,5,Rps16-ps2
Ets12,2.52798128260057e-224,1.14918690476366,0.348,0.144,4.08900972460641e-220,5,Ets1
Npc2,1.48132389453066e-220,1.28173662478423,0.355,0.156,2.39604139940334e-216,5,Npc2
Eef21,1.34273033309174e-215,1.13966632524874,0.427,0.212,2.17186631377589e-211,5,Eef2
Macf12,2.78364672638083e-208,0.856751936102718,0.52,0.28,4.502548579921e-204,5,Macf1
Ptpn18,2.20551105977908e-201,1.31351231229509,0.348,0.161,3.56741413919266e-197,5,Ptpn18
mt-Nd22,1.44921563559626e-181,0.963601161949009,0.408,0.204,2.34410629057694e-177,5,mt-Nd2
Shisa52,2.27161827254317e-167,0.827784447705709,0.543,0.336,3.67434255583858e-163,5,Shisa5
Sh3kbp1,1.56511755881502e-166,1.39535290949349,0.262,0.112,2.53157765138329e-162,5,Sh3kbp1
mt-Nd52,8.42418475747144e-156,0.816490123556566,0.455,0.254,1.36261188452101e-151,5,mt-Nd5
Gm154271,1.59966897197887e-145,1.05894172872562,0.306,0.147,2.58746456217582e-141,5,Gm15427
Ptprcap2,2.17082425198368e-136,0.851654925029572,0.309,0.147,3.5113082275836e-132,5,Ptprcap
Gimap61,4.70019388378224e-135,0.865556242595799,0.291,0.136,7.60256360701777e-131,5,Gimap6
Prrc2c1,1.0204498654697e-126,0.966208039454592,0.349,0.191,1.65057765739724e-122,5,Prrc2c
Xrn2,4.27400069825341e-121,1.08266908128814,0.25,0.118,6.91319612942489e-117,5,Xrn2
Cox7a2l,2.2503151036721e-115,0.967111861270381,0.372,0.219,3.63988468018962e-111,5,Cox7a2l
mt-Co12,1.53779465100409e-114,0.62515419469463,0.604,0.435,2.48738284799912e-110,5,mt-Co1
Ptma2,3.63412292725444e-107,0.601741005799817,0.475,0.295,5.87819383483405e-103,5,Ptma
Hspa8,4.13538338751154e-107,0.798642135684875,0.409,0.254,6.68898262929992e-103,5,Hspa8
Limd21,2.20889332208241e-104,0.880099691686188,0.372,0.226,3.5728849484683e-100,5,Limd2
Srrm22,5.60959026577775e-102,0.731105592845556,0.455,0.295,9.07351225489551e-98,5,Srrm2
Hcst1,1.02816674826725e-100,1.1399086247614,0.26,0.137,1.66305971532228e-96,5,Hcst
Psmb81,1.9258060198653e-93,0.940700353998489,0.286,0.159,3.11499123713212e-89,5,Psmb8
Mycbp21,8.96835827147674e-93,0.958898780654414,0.271,0.148,1.45063195041136e-88,5,Mycbp2
Elf11,2.18873138093197e-91,0.894009624984109,0.283,0.157,3.54027300865745e-87,5,Elf1
Jak1,8.91080780732032e-83,0.73615057617044,0.458,0.323,1.44132316283406e-78,5,Jak1
mt-Nd41,1.96795189457304e-82,0.825363371447921,0.306,0.181,3.18316218947189e-78,5,mt-Nd4
Gm8995,1.56407104005092e-76,0.687585796683978,0.415,0.284,2.52988490728237e-72,5,Gm8995
Gm42418,4.02845732928885e-61,0.542088242132494,0.594,0.489,6.51602973012472e-57,5,Gm42418
Cnbp1,3.13508837983835e-60,0.670437295940644,0.269,0.163,5.07100545438853e-56,5,Cnbp
Nop531,6.15777773194073e-58,0.692216488753514,0.263,0.162,9.96020548141413e-54,5,Nop53
Psmb1,1.02065796281994e-56,0.715399604209726,0.269,0.168,1.65091425486126e-52,5,Psmb1
Acin1,4.96289996166982e-51,0.652573240490651,0.31,0.21,8.02749068800094e-47,5,Acin1
Hnrnpa2b12,1.15198121626427e-48,0.528108975799051,0.4,0.294,1.86332961730746e-44,5,Hnrnpa2b1
Eif3f1,3.01775600541984e-47,0.541900763984942,0.293,0.193,4.8812203387666e-43,5,Eif3f
Rbm251,9.13434467319952e-43,0.65511182595071,0.256,0.17,1.47748025089002e-38,5,Rbm25
Sp1001,1.61639300641589e-35,0.504102224160098,0.252,0.172,2.61451568787771e-31,5,Sp100
Ccr2,0,6.63744505095563,0.845,0.025,0,6,Ccr2
S100a4,0,5.93563557096801,0.764,0.027,0,6,S100a4
Chil3,0,5.81835789899095,0.717,0.042,0,6,Chil3
Plac8,0,4.021859561962,0.766,0.106,0,6,Plac8
F13a1,0,9.34043366046328,0.665,0.008,0,6,F13a1
Ms4a6c,0,5.42393275152386,0.673,0.026,0,6,Ms4a6c
Ctss,0,2.60779766872843,0.752,0.168,0,6,Ctss
Lyz2,0,4.08363863489364,0.999,0.449,0,6,Lyz2
Cybb,0,3.37122523203994,0.617,0.077,0,6,Cybb
Npc21,0,2.81316752996167,0.669,0.136,0,6,Npc2
Crip11,0,2.29224703780995,0.71,0.192,0,6,Crip1
Lgals31,0,2.4292705670927,0.723,0.207,0,6,Lgals3
Cst3,0,1.89170098615421,0.758,0.274,0,6,Cst3
Psap,0,2.71635991718494,0.609,0.133,0,6,Psap
Ifitm33,0,1.81029552992176,0.741,0.285,0,6,Ifitm3
Lamp1,0,2.78123959717921,0.534,0.092,0,6,Lamp1
Psma7,0,2.3635015098548,0.582,0.142,0,6,Psma7
Clec4a3,0,4.1053270009353,0.461,0.026,0,6,Clec4a3
Mpeg1,0,3.24695145290866,0.496,0.063,0,6,Mpeg1
Gpx11,0,1.60974255210899,0.866,0.439,0,6,Gpx1
Ctsb,0,2.17633442062289,0.56,0.134,0,6,Ctsb
Ccl9,0,4.45937792964072,0.442,0.018,0,6,Ccl9
Rassf4,0,4.03839427536153,0.45,0.032,0,6,Rassf4
Ms4a6b1,0,2.45281379213771,0.486,0.082,0,6,Ms4a6b
Cd302,0,6.16081401526564,0.395,0.009,0,6,Cd302
Tmsb101,0,1.13364982030211,0.741,0.355,0,6,Tmsb10
Ly6c21,0,2.53155204008782,0.486,0.108,0,6,Ly6c2
Dbi,0,3.59027881408127,0.415,0.039,0,6,Dbi
Ctsc,0,3.20867883333654,0.392,0.044,0,6,Ctsc
Slc25a5,0,1.71903286470658,0.52,0.18,0,6,Slc25a5
Mgst11,0,1.97629639605265,0.46,0.123,0,6,Mgst1
Pld4,0,3.06785623586028,0.379,0.043,0,6,Pld4
Apoe,0,2.00953979194204,0.431,0.095,0,6,Apoe
Hspa81,0,1.36216065818337,0.566,0.246,0,6,Hspa8
Ms4a4c,0,2.43442294620836,0.365,0.058,0,6,Ms4a4c
Ifi30,0,2.86217437541509,0.345,0.041,0,6,Ifi30
Igsf62,0,1.42652506257672,0.482,0.181,0,6,Igsf6
Smpdl3a1,0,1.98423686651792,0.413,0.12,0,6,Smpdl3a
Atp2b1,0,1.65669700252933,0.43,0.141,0,6,Atp2b1
Sec61b,0,1.64787742029674,0.438,0.15,0,6,Sec61b
Vcan,0,10.2112037931543,0.285,0.001,0,6,Vcan
Gm9733,0,2.58758895758023,0.342,0.064,0,6,Gm9733
Plbd12,0,1.77245855512016,0.397,0.125,0,6,Plbd1
Prdx1,0,2.25246683927189,0.336,0.066,0,6,Prdx1
Atox1,0,1.85037281173854,0.387,0.121,0,6,Atox1
Ifi27l2a,0,1.70177558237655,0.4,0.134,0,6,Ifi27l2a
Anxa5,0,3.23422158942147,0.285,0.03,0,6,Anxa5
Coro1b,0,1.84404891112208,0.357,0.103,0,6,Coro1b
Glud1,0,2.01764585535647,0.338,0.084,0,6,Glud1
Lgals1,0,2.2784807340089,0.292,0.041,0,6,Lgals1
H2afz,0,1.9940582079405,0.328,0.084,0,6,H2afz
Emp3,0,1.71461945948468,0.337,0.095,0,6,Emp3
Gngt2,0,2.34027364374505,0.289,0.047,0,6,Gngt2
Selenop,0,2.4226784583212,0.294,0.056,0,6,Selenop
Aprt,0,3.25877372070716,0.265,0.029,0,6,Aprt
Fam96a,0,2.81606460844852,0.263,0.038,0,6,Fam96a
Zeb2,0,3.06288497590828,0.263,0.038,0,6,Zeb2
Clec4a2,0,2.58692786982084,0.265,0.05,0,6,Clec4a2
Pycard,0,2.41322977232747,0.259,0.046,0,6,Pycard
Rps27l,0,2.19466478802795,0.257,0.05,0,6,Rps27l
Rpl102,3.26891474374364e-307,1.18378834070575,0.64,0.305,5.28746959800533e-303,6,Rpl10
Cox4i1,1.48889548234663e-301,1.26967340024391,0.61,0.284,2.40828844269567e-297,6,Cox4i1
Ctsh,1.17068859679955e-300,1.80728474186807,0.279,0.071,1.89358880532327e-296,6,Ctsh
Atp5c1,1.69485101770276e-289,1.57156780478182,0.377,0.124,2.74142152113421e-285,6,Atp5c1
S100a101,2.83285302990067e-285,1.46047006158997,0.358,0.112,4.58213977586434e-281,6,S100a10
Ifngr1,2.67144272134392e-277,1.43846420775183,0.422,0.155,4.3210586017738e-273,6,Ifngr1
mt-Rnr23,2.48741377907319e-264,0.593595369060474,1,0.992,4.02339178765089e-260,6,mt-Rnr2
Erp29,1.74961633618072e-263,1.56712748805343,0.307,0.091,2.83000442377231e-259,6,Erp29
Ftl12,2.30337205692906e-258,0.818875679754926,0.836,0.562,3.72570430208275e-254,6,Ftl1
Slk,1.76512442622279e-241,1.58230335681955,0.354,0.126,2.85508875941537e-237,6,Slk
Capza2,7.79098667491025e-241,1.37050935752381,0.428,0.171,1.26019209466673e-236,6,Capza2
Rplp02,3.41575279138464e-239,0.851659781511195,0.714,0.404,5.52498014006465e-235,6,Rplp0
Vim2,7.52317892513503e-236,0.971179022234032,0.598,0.296,1.21687419114059e-231,6,Vim
Evi2a,4.47593870008751e-230,1.81228851903023,0.266,0.08,7.23983084739154e-226,6,Evi2a
Fcer1g3,1.77425610652401e-224,0.812719341451375,0.722,0.393,2.86985925230259e-220,6,Fcer1g
Cox7b,3.6857583016896e-217,1.48257468762966,0.277,0.087,5.96171405298292e-213,6,Cox7b
Hint1,4.19840532653469e-213,1.51100987440077,0.251,0.074,6.79092061566987e-209,6,Hint1
Rps27a1,1.20661412387314e-210,0.732187128585445,0.831,0.609,1.9516983453648e-206,6,Rps27a
Rpl412,3.08551662947111e-199,0.751261092739361,0.777,0.511,4.99082314816953e-195,6,Rpl41
Ndufb1-ps,6.47596555231404e-196,1.32739311345129,0.33,0.123,1.0474874280868e-191,6,Ndufb1-ps
Sem13,1.05891115157827e-194,0.984512271353623,0.602,0.33,1.71278878767786e-190,6,Sem1
Itm2b3,3.76249754484685e-190,0.897135255896913,0.691,0.429,6.08583977878979e-186,6,Itm2b
Rps122,6.76798090285099e-188,0.723256239791153,0.738,0.447,1.09472091103615e-183,6,Rps12
Pdia3,9.4322465493636e-188,1.31313358886148,0.299,0.108,1.52566587935956e-183,6,Pdia3
Rpl323,1.02339796213112e-187,0.592730257435509,0.802,0.461,1.65534620374709e-183,6,Rpl32
Cyba,7.74212390653741e-183,0.902163025783147,0.662,0.395,1.25228854188243e-178,6,Cyba
Atp5mpl,7.9070287785355e-178,1.34220653714934,0.284,0.102,1.27896190492812e-173,6,Atp5mpl
Ndufa4,7.82678600456348e-177,1.38376899889235,0.251,0.083,1.26598263623814e-172,6,Ndufa4
Uqcrq,3.99301578016282e-174,1.47026733215068,0.252,0.085,6.45870302441337e-170,6,Uqcrq
Bach1,7.33896708589895e-173,1.59080568294685,0.268,0.096,1.18707792614416e-168,6,Bach1
Cox6c,2.03166875791043e-172,1.11878019654127,0.399,0.176,3.28622421592011e-168,6,Cox6c
Naca2,1.82851335569588e-167,0.908167727266003,0.442,0.202,2.95762035283808e-163,6,Naca
Lamp22,5.0336367293845e-167,1.26101459153936,0.314,0.124,8.14190740977943e-163,6,Lamp2
Arpc1b3,2.48570917568269e-163,0.754392447870443,0.745,0.485,4.02063459166675e-159,6,Arpc1b
Sat13,1.18453295623882e-162,0.979748402947558,0.54,0.297,1.91598205671629e-158,6,Sat1
Gm2a,2.38975892884255e-162,1.21109201696693,0.307,0.12,3.86543506740283e-158,6,Gm2a
Atp5e,3.46537926971399e-160,1.03681474565201,0.394,0.177,5.60525096876238e-156,6,Atp5e
Ywhab,5.19582548492506e-160,1.20598130167221,0.365,0.161,8.40424772186629e-156,6,Ywhab
Arpc2,9.34541691929965e-158,0.651717576043473,0.874,0.684,1.51162118669672e-153,6,Arpc2
Rpl263,2.085618932507e-157,0.550911202651584,0.782,0.478,3.37348862333008e-153,6,Rpl26
Lst11,3.31662133353208e-151,1.06300385257959,0.329,0.138,5.36463500698815e-147,6,Lst1
mt-Co13,7.10232508449453e-151,0.680171955202882,0.69,0.434,1.14880108241699e-146,6,mt-Co1
Psmb11,4.95798120477407e-148,0.967256029551802,0.368,0.163,8.01953459872206e-144,6,Psmb1
Rpl7a2,2.09368694112394e-147,0.776529041562234,0.518,0.268,3.38653862726798e-143,6,Rpl7a
Cox7c,6.18485001646468e-146,1.03027632253138,0.342,0.149,1.00039949016316e-141,6,Cox7c
Mia2,3.79875720309454e-144,1.13380284690561,0.359,0.164,6.14448977600542e-140,6,Mia2
Canx,5.39313059089717e-143,1.07176998900375,0.267,0.102,8.72338873077617e-139,6,Canx
Cox6b1,7.47647016249283e-143,1.10189903663484,0.364,0.166,1.20931904878321e-138,6,Cox6b1
Il6ra,1.81574988761706e-139,1.22601247735361,0.296,0.124,2.93697544322059e-135,6,Il6ra
Rpl353,3.47815431096052e-129,0.616574316462145,0.548,0.294,5.62591459797865e-125,6,Rpl35
Fyb2,5.58801775278732e-129,0.943458745316146,0.443,0.235,9.03861871513349e-125,6,Fyb
Hsp90b11,1.41614924271835e-128,0.796223752904159,0.389,0.185,2.29062140009693e-124,6,Hsp90b1
Tmed10,4.84892012478925e-128,1.14528610839289,0.291,0.125,7.84312830184662e-124,6,Tmed10
Ndufa6,2.39436066222323e-127,1.04863598582273,0.31,0.136,3.87287837114607e-123,6,Ndufa6
Mbnl11,3.16890177601203e-125,0.814705070029261,0.374,0.177,5.12569862269946e-121,6,Mbnl1
Emb3,7.50998761050514e-124,0.906528739196139,0.401,0.202,1.21474049599921e-119,6,Emb
Rap1a,1.78007994814022e-122,1.07193423488202,0.292,0.128,2.87927931611681e-118,6,Rap1a
Calr1,7.7010534949303e-120,0.893903863535477,0.325,0.148,1.24564540280498e-115,6,Calr
Emilin22,1.65294411597443e-117,1.22166036544101,0.254,0.107,2.67363710758864e-113,6,Emilin2
Atp5h,1.27883881902574e-114,0.958702636852452,0.312,0.143,2.06852178977414e-110,6,Atp5h
Clta,2.01299726821729e-110,0.93610909603394,0.32,0.15,3.25602308134147e-106,6,Clta
Wdr26,1.7540260050817e-109,1.1165816430212,0.298,0.139,2.83713706321965e-105,6,Wdr26
Napsa1,9.37443242807321e-108,0.900781514176227,0.276,0.122,1.51631444524084e-103,6,Napsa
Ptpn181,3.15085320928608e-106,0.799703672771462,0.344,0.168,5.09650506602023e-102,6,Ptpn18
Eif3h,6.97571862917195e-105,0.943531048797387,0.259,0.113,1.12832248826856e-100,6,Eif3h
Rpl282,5.75787161803096e-103,0.578799051623861,0.449,0.239,9.31335734216508e-99,6,Rpl28
Rpl223,7.2755077165604e-103,0.505105259756848,0.511,0.283,1.17681337315364e-98,6,Rpl22
Eif3k,7.48534753053311e-103,0.96666248207008,0.261,0.116,1.21075496306373e-98,6,Eif3k
Pabpc11,1.09517377258708e-102,0.595627066361534,0.709,0.492,1.7714435771596e-98,6,Pabpc1
Atp6v0b,1.76540870595475e-102,0.978652086988468,0.27,0.121,2.8555485818818e-98,6,Atp6v0b
Cox7a2,7.17003087739951e-101,0.937193105531704,0.28,0.129,1.15975249441937e-96,6,Cox7a2
Fam49b,6.47186558219248e-99,0.921435140238771,0.322,0.161,1.04682425791963e-94,6,Fam49b
Cox7a2l1,5.80512196178898e-98,0.742002308035031,0.408,0.222,9.38978477319368e-94,6,Cox7a2l
Fos2,3.88466569037618e-96,0.657515405641684,0.41,0.223,6.28344675418347e-92,6,Fos
Rpl152,4.23888818729932e-92,0.581876277086149,0.389,0.203,6.85640164295665e-88,6,Rpl15
Atp5j,1.13655418132736e-86,0.902147529152322,0.269,0.13,1.838376388297e-82,6,Atp5j
Psma2,2.92135721391854e-85,0.863565368129473,0.259,0.123,4.72529529351324e-81,6,Psma2
Klf131,8.27531641823028e-84,0.788696967154725,0.371,0.206,1.33853243064875e-79,6,Klf13
Tgfbi2,2.58585638654425e-83,0.799287492986555,0.276,0.135,4.18262270523532e-79,6,Tgfbi
Csnk1a1,3.92662580384855e-83,0.832485845094941,0.29,0.146,6.35131723772503e-79,6,Csnk1a1
Fermt3,3.41196848802868e-77,0.886142097607422,0.257,0.128,5.5188590293864e-73,6,Fermt3
Samhd11,5.1660659215985e-76,0.635418646744584,0.495,0.312,8.35611162818558e-72,6,Samhd1
Ptpn12,1.5204864168389e-71,0.639467584888547,0.398,0.236,2.45938677923692e-67,6,Ptpn1
Lyn1,2.70421616170832e-70,0.669519120064873,0.369,0.214,4.37406964156321e-66,6,Lyn
Tmem50a,1.78366966743309e-69,0.640613106446497,0.451,0.283,2.88508568707302e-65,6,Tmem50a
App3,4.72075796988524e-69,0.671424926175748,0.347,0.198,7.63582601628937e-65,6,App
Mrpl333,1.14942438899221e-67,0.580988108427782,0.419,0.255,1.85919394919489e-63,6,Mrpl33
Gdi2,1.42872213016509e-67,0.694165742799761,0.284,0.151,2.31095804554203e-63,6,Gdi2
Hspa5,5.03783537019589e-66,0.728594210428195,0.298,0.165,8.14869871129186e-62,6,Hspa5
H2afj,5.44112570350829e-66,0.759285937652418,0.251,0.13,8.80102082542466e-62,6,H2afj
Atp5f1,2.5733417057589e-63,0.71843647900882,0.31,0.175,4.16238020906502e-59,6,Atp5f1
G3bp2,6.04810870625497e-63,0.703495565556448,0.279,0.152,9.78281583236742e-59,6,G3bp2
Sla1,7.68083699934036e-63,0.740210697924778,0.257,0.136,1.2423753846433e-58,6,Sla
Uqcrh,6.51611617597629e-60,0.661242939049606,0.276,0.151,1.05398179146417e-55,6,Uqcrh
Cox6a1,6.55408827854159e-60,0.619249121552294,0.311,0.176,1.0601237790541e-55,6,Cox6a1
Gm1966,1.17435816162768e-57,0.711560131755764,0.287,0.163,1.89952432643278e-53,6,Gm1966
Eif3f2,1.36591028387442e-55,0.513049938193916,0.332,0.194,2.20935988416687e-51,6,Eif3f
Actg12,1.9924296150791e-55,0.618840325180306,0.337,0.202,3.22275490239044e-51,6,Actg1
Fam111a,4.06401404894193e-53,0.644384595256624,0.295,0.173,6.57354272416358e-49,6,Fam111a
Serf2,1.28588201323961e-50,0.547465846671854,0.345,0.213,2.07991415641507e-46,6,Serf2
Apoe1,0,4.67354969433866,0.86,0.1,0,7,Apoe
Ctsb1,0,3.53101851222852,0.804,0.149,0,7,Ctsb
Gngt21,0,4.64738000375732,0.676,0.049,0,7,Gngt2
Cst31,0,3.09617106753704,0.904,0.296,0,7,Cst3
Ctss1,0,2.68945263534709,0.801,0.198,0,7,Ctss
Clec4a31,0,4.208422947535,0.582,0.046,0,7,Clec4a3
Lyz21,0,1.67426786522421,0.983,0.479,0,7,Lyz2
Cybb1,0,2.78137524443092,0.596,0.106,0,7,Cybb
Itgb1,0,3.38220323152586,0.555,0.068,0,7,Itgb1
Ear2,0,7.47012210837459,0.483,0.006,0,7,Ear2
Gpx12,0,1.98643860618108,0.904,0.461,0,7,Gpx1
Ifngr11,0,2.39988090981695,0.596,0.164,0,7,Ifngr1
Ms4a6c1,0,2.5621021866241,0.444,0.067,0,7,Ms4a6c
Cd300e,0,11.5598484707252,0.369,0.001,0,7,Cd300e
Cd36,0,6.36399862450272,0.371,0.006,0,7,Cd36
Fam49a,0,3.75669728977921,0.37,0.031,0,7,Fam49a
Hpgd,0,5.48212991747742,0.342,0.011,0,7,Hpgd
Pld41,0,2.70008860706139,0.389,0.061,0,7,Pld4
Csf1r,0,3.36305234628116,0.372,0.046,0,7,Csf1r
Treml4,0,6.54403893442431,0.319,0.005,0,7,Treml4
Cd68,0,3.19990785216255,0.337,0.049,0,7,Cd68
Cd300c2,0,3.44562199614009,0.323,0.036,0,7,Cd300c2
Ceacam1,0,3.15485154907611,0.329,0.042,0,7,Ceacam1
Cx3cr1,0,4.560541913004,0.294,0.014,0,7,Cx3cr1
Clec4a1,0,4.73276597609562,0.294,0.016,0,7,Clec4a1
Fcgr4,0,3.13655512891431,0.322,0.047,0,7,Fcgr4
Spn,0,3.7982545286788,0.297,0.024,0,7,Spn
Nupr1,0,4.64884321222998,0.282,0.015,0,7,Nupr1
Grk3,0,6.63990015805762,0.263,0.004,0,7,Grk3
Klf4,0,4.51612393424377,0.273,0.014,0,7,Klf4
Ace,0,8.3772374898159,0.256,0.001,0,7,Ace
Ddit4,0,3.57559798191681,0.273,0.026,0,7,Ddit4
Eno3,0,6.81681907508482,0.25,0.003,0,7,Eno3
Abi3,0,3.33680007858785,0.267,0.028,0,7,Abi3
B2m1,1.0990176010641e-297,1.46773353203591,0.942,0.709,1.77766096972119e-293,7,B2m
S100a41,2.21263374933444e-294,1.93239212184324,0.413,0.077,3.57893508954845e-290,7,S100a4
Psap1,1.00174473533742e-288,2.25773373107321,0.57,0.159,1.62032210940827e-284,7,Psap
Metrnl,1.31311691599116e-287,3.03553729950914,0.297,0.044,2.1239666116157e-283,7,Metrnl
Lst12,2.68221204896716e-286,2.36360502126947,0.536,0.142,4.33847798920438e-282,7,Lst1
Fcer1g4,1.34527866881418e-273,1.71076975981613,0.838,0.407,2.17598824680694e-269,7,Fcer1g
Calm1,5.07852921904306e-252,1.54714842281479,0.905,0.6,8.21452101180215e-248,7,Calm1
Ifitm34,4.69441614372407e-230,1.69084113211411,0.743,0.31,7.59321811247369e-226,7,Ifitm3
Plac81,1.26807605617682e-213,1.74527690501169,0.508,0.149,2.051113020866e-209,7,Plac8
Smc6,1.85293342758727e-213,2.372210356915,0.306,0.059,2.99711981912241e-209,7,Smc6
Gm2a1,1.98000804045013e-207,2.0915363666768,0.452,0.126,3.20266300542808e-203,7,Gm2a
Smpdl3a2,4.04006633771534e-207,2.15460908673212,0.462,0.135,6.53480730125456e-203,7,Smpdl3a
Pou2f2,4.60279097985697e-207,2.33335946255277,0.277,0.05,7.44501440991865e-203,7,Pou2f2
Mef2a,5.06384447342257e-203,2.3063086716002,0.348,0.079,8.19076843576101e-199,7,Mef2a
Rap1a1,6.49588715031838e-202,2.08536326003508,0.457,0.131,1.050709746564e-197,7,Rap1a
Lamp11,3.75616637581113e-191,2.01432776648889,0.427,0.119,6.0755991128745e-187,7,Lamp1
Slc11a1,3.38449122088875e-190,2.15803512017227,0.364,0.089,5.47441454978756e-186,7,Slc11a1
Sh3bgrl,6.85074818823453e-189,2.48034082049928,0.251,0.046,1.10810851944693e-184,7,Sh3bgrl
Fyb3,1.33727705975143e-188,1.85233297493026,0.605,0.242,2.16304564414795e-184,7,Fyb
Mpeg11,2.8737344780334e-173,2.05944920512601,0.354,0.091,4.64826551821902e-169,7,Mpeg1
Rassf41,6.89340756553291e-171,2.25450736236359,0.278,0.059,1.11500867372495e-166,7,Rassf4
Cebpb2,3.14220802571995e-156,1.85082016044302,0.445,0.148,5.08252148160202e-152,7,Cebpb
Msn1,3.79504829579957e-154,1.34484895267195,0.742,0.396,6.13849061845581e-150,7,Msn
Rap1b,4.86525627420929e-152,1.85239537004591,0.49,0.182,7.86955202353352e-148,7,Rap1b
Cd300a,4.51567864910469e-147,2.23353675153153,0.272,0.064,7.30411021492683e-143,7,Cd300a
Laptm4a,1.01886386481168e-145,2.062453461719,0.286,0.07,1.6480123013329e-141,7,Laptm4a
Ftl13,6.28952694164125e-145,1.11992356589204,0.858,0.576,1.01733098281047e-140,7,Ftl1
Itga4,1.83146975361033e-141,1.93235670970824,0.364,0.109,2.96240232646471e-137,7,Itga4
Plbd13,1.66090974559546e-136,1.73741708094201,0.414,0.139,2.68652151350066e-132,7,Plbd1
Tln11,1.94227254632148e-131,1.45691184381208,0.632,0.305,3.141625843675e-127,7,Tln1
Napsa2,5.65593873138905e-130,1.71662936507393,0.385,0.127,9.1484808980218e-126,7,Napsa
Sat14,4.1818822566579e-123,1.4614780066207,0.613,0.308,6.76419455014415e-119,7,Sat1
Stk10,2.23958371606127e-119,2.06439626045815,0.251,0.064,3.6225266607291e-115,7,Stk10
Samsn1,2.33666085476633e-119,1.85938808033604,0.335,0.106,3.77954893258454e-115,7,Samsn1
Filip1l2,2.74325464499685e-115,1.29195585807266,0.421,0.149,4.43721438828241e-111,7,Filip1l
Creg1,1.68460286119052e-114,1.93181480693738,0.292,0.086,2.72484512797566e-110,7,Creg1
Ptpre,1.10779464273471e-112,1.73207819273785,0.34,0.112,1.79185783462339e-108,7,Ptpre
Arpc21,6.71423109925317e-111,0.859365965182223,0.89,0.694,1.0860268803042e-106,7,Arpc2
Rnase61,2.62639839028425e-110,1.45764423705278,0.32,0.098,4.24819939628477e-106,7,Rnase6
Emp31,4.33433231023377e-109,1.7578217723813,0.329,0.108,7.01078251180313e-105,7,Emp3
Laptm5,9.79578205371806e-109,1.19488457917667,0.672,0.383,1.5844677471889e-104,7,Laptm5
Prdx11,2.09952344813705e-108,1.86359196019556,0.282,0.083,3.39597917736168e-104,7,Prdx1
Ctsa,9.97141563027946e-105,1.87898102460536,0.264,0.077,1.6128764781977e-100,7,Ctsa
Calr2,1.70329508730343e-104,1.47928921854694,0.407,0.155,2.75507980371329e-100,7,Calr
H2-D12,5.13740795698898e-102,0.697054719316917,0.942,0.799,8.30975737042968e-98,7,H2-D1
Glud11,3.54325026995423e-97,1.70743107919384,0.301,0.099,5.73120731165096e-93,7,Glud1
Hsp90ab13,1.62149308160302e-92,0.983141505113218,0.659,0.35,2.62276505949288e-88,7,Hsp90ab1
Atox11,6.35929339344955e-89,1.60066006811044,0.354,0.136,1.02861570639047e-84,7,Atox1
Ly6e2,6.22999223093384e-88,0.843527036473962,0.778,0.503,1.00770124335355e-83,7,Ly6e
Ptma3,2.15222284232471e-86,0.914034910425933,0.612,0.307,3.48122044746022e-82,7,Ptma
Itgb22,6.74173760104578e-85,1.4886229598747,0.346,0.134,1.09047605696916e-80,7,Itgb2
Pdia31,1.93516661814801e-84,1.49252541352518,0.32,0.117,3.13013200485441e-80,7,Pdia3
Hsp90b12,1.37706243977355e-78,1.24526155787283,0.433,0.195,2.22739849633371e-74,7,Hsp90b1
Zfp706,2.13130767032108e-76,1.47522402393568,0.27,0.094,3.44739015674435e-72,7,Zfp706
Slk1,2.31119344796411e-75,1.42921638073031,0.34,0.138,3.73835540208195e-71,7,Slk
Capza21,1.30781417383226e-69,1.2868997658122,0.399,0.185,2.11538942617368e-65,7,Capza2
Sppl2a,3.23148705762267e-66,1.52727040587973,0.262,0.098,5.22693031570467e-62,7,Sppl2a
Ppp2r5c,1.86666497820517e-64,1.30528880869993,0.296,0.118,3.01933060224687e-60,7,Ppp2r5c
Cd300ld3,1.07045066905627e-62,1.03746329259358,0.382,0.174,1.73145395719851e-58,7,Cd300ld
H2-K12,1.11315824607375e-62,0.626913416070648,0.712,0.427,1.8005334630243e-58,7,H2-K1
Canx1,4.02428804780738e-62,1.23535356723184,0.282,0.11,6.50928591732843e-58,7,Canx
Cd47,1.402779891342e-61,0.983844731066662,0.537,0.305,2.26899647424568e-57,7,Cd47
Tab2,1.09726838844852e-60,1.35715874953043,0.251,0.094,1.77483161831548e-56,7,Tab2
Bach11,1.18094571848449e-59,1.40570847575673,0.267,0.106,1.91017969964867e-55,7,Bach1
Hspa51,5.72094468590474e-58,1.24457214647659,0.361,0.17,9.25362802945091e-54,7,Hspa5
Lrrfip11,3.56933510665372e-57,1.24688945971381,0.315,0.138,5.77339953501238e-53,7,Lrrfip1
Rgs23,5.41977251176526e-57,0.90843111055877,0.497,0.272,8.76648203778031e-53,7,Rgs2
Apbb1ip2,6.47707725812702e-56,1.00490961673678,0.453,0.239,1.04766724650205e-51,7,Apbb1ip
Ywhaz,4.84487508825891e-54,1.17105924898099,0.348,0.165,7.83658545525878e-50,7,Ywhaz
Csf2ra1,1.40154728411282e-53,1.30905293760495,0.265,0.11,2.26700273205248e-49,7,Csf2ra
Capzb,2.60292062852049e-53,1.04908866284843,0.456,0.251,4.21022411663189e-49,7,Capzb
Cyba1,1.04066134768812e-51,0.792843711190911,0.623,0.411,1.68326972988554e-47,7,Cyba
Lyn2,1.73296274558883e-51,1.02288827601418,0.419,0.221,2.80306724098994e-47,7,Lyn
Coro1b1,4.75531718904245e-51,1.22568474747411,0.277,0.119,7.69172555327616e-47,7,Coro1b
Pilra2,2.05919916439377e-48,1.09135462620783,0.302,0.138,3.33075464840692e-44,7,Pilra
Rhoa,1.45109015411896e-46,1.01347537014847,0.376,0.195,2.34713832428741e-42,7,Rhoa
Lgals32,2.30473942913871e-46,0.845647272856464,0.441,0.243,3.72791602663186e-42,7,Lgals3
Ywhab1,8.15773293188879e-44,1.03129626760877,0.341,0.172,1.31951330173301e-39,7,Ywhab
Hspa82,1.01433461724675e-43,0.90248994174084,0.457,0.266,1.64068624339662e-39,7,Hspa8
Arpc1b4,1.96020933986875e-43,0.682360608828007,0.696,0.501,3.17063860723771e-39,7,Arpc1b
Ptpn6,7.61442434777152e-42,0.754617679594699,0.485,0.291,1.23163313825204e-37,7,Ptpn6
Rps113,1.09839920812752e-41,0.506125189238125,0.704,0.473,1.77666071914627e-37,7,Rps11
Il6ra1,2.48197298108217e-41,1.1493020684498,0.28,0.134,4.01459129690041e-37,7,Il6ra
Ybx11,2.83474910442593e-40,0.790504175342928,0.459,0.271,4.58520667640894e-36,7,Ybx1
Bin2,6.70903968635332e-39,1.04857540180269,0.289,0.143,1.08518716926765e-34,7,Bin2
Ptpn13,5.15262338289716e-38,0.837063775992786,0.422,0.244,8.33436832183616e-34,7,Ptpn1
Adgre51,5.64177818411411e-37,1.02678609974986,0.279,0.138,9.12557621280458e-33,7,Adgre5
Klf132,5.67754909456082e-37,0.926096376038601,0.378,0.215,9.18343566045213e-33,7,Klf13
Psma71,3.49173215422492e-36,0.887457698990032,0.328,0.173,5.64787675945882e-32,7,Psma7
Eif5a,1.51965084040862e-34,0.996955826145882,0.254,0.124,2.45803523436094e-30,7,Eif5a
Cytip,5.33971888077393e-34,0.823692649107007,0.379,0.216,8.63699528965183e-30,7,Cytip
Atp2b11,1.50616532873116e-32,0.989144757014749,0.298,0.16,2.43622241922266e-28,7,Atp2b1
Rpl103,4.19792913229392e-32,0.583467864258328,0.515,0.327,6.79015037148542e-28,7,Rpl10
Hnrnpa31,1.03785755345675e-31,0.835906496079022,0.274,0.139,1.67873459271629e-27,7,Hnrnpa3
Spi13,5.14945858122363e-31,0.570790700934115,0.476,0.293,8.32924925512922e-27,7,Spi1
Zfand51,3.16643661778509e-30,0.892255616623793,0.316,0.176,5.12171122926738e-26,7,Zfand5
Ppia2,3.87622232853452e-30,0.577136389911995,0.401,0.232,6.26978961640458e-26,7,Ppia
Tmem50a1,5.76450903840611e-30,0.744689255286391,0.456,0.292,9.32409336962188e-26,7,Tmem50a
Crip12,7.91936268745373e-28,0.544501356029921,0.389,0.23,1.28095691469564e-23,7,Crip1
Plek3,6.05260172482121e-27,0.669207861088218,0.365,0.217,9.79008328989831e-23,7,Plek
Tpr1,1.35052802801377e-24,0.770662732362505,0.26,0.143,2.18447908531227e-20,7,Tpr
Cdc42,1.84547611170059e-24,0.550326573066007,0.601,0.461,2.9850576106757e-20,7,Cdc42
Mia21,6.60716100020689e-24,0.761166507048047,0.299,0.177,1.06870829178346e-19,7,Mia2
Slc25a51,1.34540806386517e-23,0.672900729964522,0.337,0.203,2.17619754330191e-19,7,Slc25a5
Fam49b1,8.06660720349131e-23,0.798339483470861,0.289,0.17,1.30477371516472e-18,7,Fam49b
Igsf63,1.60940096428365e-22,0.649374280214962,0.329,0.201,2.60320605972881e-18,7,Igsf6
Eif4g2,2.39443911763568e-22,0.708308715651243,0.286,0.166,3.87300527277572e-18,7,Eif4g2
Csnk1a11,6.61829020097295e-20,0.630409207548615,0.265,0.155,1.07050844000737e-15,7,Csnk1a1
Spop,9.53882397987019e-18,0.694192109657088,0.264,0.161,1.542904778744e-13,7,Spop
Stk381,2.4903212409539e-17,0.718068106382162,0.262,0.163,4.02809460724294e-13,7,Stk38
Actr2,3.94523470996389e-17,0.63399357417441,0.325,0.215,6.38141714336659e-13,7,Actr2
Tpm4,1.30238216246235e-16,0.652767264875941,0.293,0.188,2.10660314778286e-12,7,Tpm4
Tmbim62,1.43053571381373e-16,0.518914391880318,0.39,0.268,2.3138915170937e-12,7,Tmbim6
Cox6a11,8.78587090578708e-15,0.596537533929178,0.283,0.184,1.42111461901106e-10,7,Cox6a1
Cox6b11,1.09328729790749e-14,0.60377083754423,0.275,0.18,1.76839220436537e-10,7,Cox6b1
Atp6v0e,1.83118153680279e-14,0.577187179629057,0.252,0.159,2.96193613577851e-10,7,Atp6v0e
Cox6c1,7.41900061498514e-13,0.521013413049216,0.284,0.192,1.20002334947385e-08,7,Cox6c
Myl12a,1.69304329417237e-12,0.596884045954634,0.283,0.195,2.73849752832381e-08,7,Myl12a
Wasf2,9.41322175400969e-12,0.53326924405316,0.256,0.171,1.52258861871107e-07,7,Wasf2
Ccl5,0,6.87673262726238,0.972,0.028,0,8,Ccl5
Gzma,0,11.1875329017022,0.935,0.006,0,8,Gzma
Nkg7,0,6.04439285917053,0.789,0.03,0,8,Nkg7
AW112010,0,5.74537761708729,0.752,0.04,0,8,AW112010
Klrb1c,0,8.09055898255876,0.611,0.004,0,8,Klrb1c
Ms4a4b1,0,3.20131686975995,0.635,0.087,0,8,Ms4a4b
Lgals11,0,4.65533515973353,0.596,0.049,0,8,Lgals1
Klrk1,0,7.52592545917979,0.508,0.004,0,8,Klrk1
Klrd1,0,5.84109927880718,0.512,0.015,0,8,Klrd1
Klre1,0,8.64696382842994,0.484,0.002,0,8,Klre1
Prf1,0,8.10800347568123,0.463,0.004,0,8,Prf1
Id2,0,3.81825006462758,0.503,0.058,0,8,Id2
Klra8,0,11.2779945243376,0.439,0.001,0,8,Klra8
Ncr1,0,10.9680031677675,0.404,0.001,0,8,Ncr1
Klra9,0,10.2854959737066,0.364,0.001,0,8,Klra9
Ctsw,0,5.10048268642808,0.376,0.016,0,8,Ctsw
Gzmb,0,9.14164825774769,0.343,0.001,0,8,Gzmb
Klra4,0,11.434972731985,0.333,0.001,0,8,Klra4
Atp1b1,0,3.61422036803338,0.32,0.033,0,8,Atp1b1
Il2rb,0,5.72125025491182,0.291,0.008,0,8,Il2rb
Serpinb9,0,7.3351094572372,0.275,0.002,0,8,Serpinb9
Klri2,0,10.2498607889453,0.268,0,0,8,Klri2
Itgb11,3.47045196763084e-300,3.09565404955523,0.439,0.074,5.61345605764288e-296,8,Itgb1
Gimap41,4.29564451028617e-252,2.63968929843333,0.452,0.089,6.94820499538787e-248,8,Gimap4
H2-Q71,6.74210302527989e-248,2.6764241209155,0.447,0.089,1.09053516433902e-243,8,H2-Q7
Ccnd2,2.09967079681018e-244,3.34491305421127,0.296,0.041,3.39621751384047e-240,8,Ccnd2
Sept111,6.42771676581472e-178,2.74493471743551,0.292,0.051,1.03968318687053e-173,8,Sept11
S100a102,8.07328580517063e-176,2.32777170977614,0.463,0.125,1.30585397898635e-171,8,S100a10
Trbc11,7.98500996210368e-165,2.35205531869689,0.264,0.044,1.29157536137027e-160,8,Trbc1
Ahnak,5.18056311435956e-159,2.85092367698233,0.264,0.047,8.37956083747659e-155,8,Ahnak
Sept12,8.79019671909392e-159,2.06618984769044,0.46,0.129,1.42181431931344e-154,8,Sept1
Dusp2,2.14377764492274e-158,2.77378399614187,0.268,0.048,3.46756034066253e-154,8,Dusp2
H2-K13,1.42603546439889e-151,1.60385814284578,0.788,0.428,2.30661236366521e-147,8,H2-K1
H2afz1,1.43593133637201e-143,2.48143169622092,0.372,0.098,2.32261893658173e-139,8,H2afz
Ptprcap3,6.87760473754418e-127,1.76521921788754,0.481,0.159,1.11245256629777e-122,8,Ptprcap
Gm4759,4.37338330569613e-101,2.10000768219526,0.256,0.062,7.07394749696349e-97,8,Gm4759
Tmsb102,2.38079526060287e-92,1.19500779526939,0.712,0.38,3.85093633402514e-88,8,Tmsb10
B2m2,4.65418967326849e-84,0.887605792392138,0.856,0.712,7.52815179651178e-80,8,B2m
Jak11,6.85830643040156e-84,1.4857148355253,0.608,0.333,1.10933106511745e-79,8,Jak1
Gimap31,2.42377082934077e-72,1.77854627833791,0.276,0.087,3.9204493164587e-68,8,Gimap3
Ppia3,1.0816368884065e-53,1.23621191589173,0.46,0.232,1.74954766699751e-49,8,Ppia
Hsp90b13,1.13913371222025e-52,1.27295922049676,0.411,0.197,1.84254877951625e-48,8,Hsp90b1
Il2rg1,1.14673741721406e-51,1.57301187593164,0.273,0.104,1.85484777234374e-47,8,Il2rg
Serbp13,1.83357678607187e-44,1.08975645837926,0.484,0.27,2.96581045147125e-40,8,Serbp1
Itga41,3.8684218039516e-44,1.66593879493401,0.269,0.113,6.25717226789171e-40,8,Itga4
Fcer1g5,3.45419261652525e-43,0.612270746634834,0.695,0.413,5.58715655722959e-39,8,Fcer1g
Ptma4,7.23483718777956e-43,0.950785701434273,0.528,0.311,1.17023491512334e-38,8,Ptma
Pdcd41,1.45522667408446e-40,1.53898877373775,0.265,0.114,2.35382914533162e-36,8,Pdcd4
Emp32,2.28661685956973e-39,1.61869609064487,0.259,0.111,3.69860277035404e-35,8,Emp3
Mbnl12,1.52585032306804e-37,1.22553680704187,0.364,0.189,2.46806289756255e-33,8,Mbnl1
Ifngr12,3.10569097233322e-36,1.38700180481135,0.333,0.173,5.02345514774898e-32,8,Ifngr1
Ptpn182,6.8788334497328e-35,1.22175315349159,0.341,0.179,1.11265131049428e-30,8,Ptpn18
Ptprc2,2.62673296511832e-34,0.604371281772395,0.8,0.666,4.24874057107888e-30,8,Ptprc
Calm21,3.91755726566294e-32,1.10572941357963,0.389,0.229,6.33664887720981e-28,8,Calm2
Xrn21,7.67839603815355e-32,1.24617320617839,0.272,0.13,1.24198055917134e-27,8,Xrn2
Rpl143,1.81654226808697e-29,0.524383052449075,0.645,0.426,2.93825711863067e-25,8,Rpl14
Myl12a1,2.02443569144544e-29,1.24191560570771,0.34,0.194,3.27452473091301e-25,8,Myl12a
Hcst2,8.18392351559939e-28,1.30247842665114,0.284,0.149,1.3237496286482e-23,8,Hcst
Pfn1,6.82013147750219e-27,0.669714512295859,0.651,0.524,1.10315626648598e-22,8,Pfn1
Gimap62,1.58208149479809e-26,0.923989778264269,0.293,0.151,2.55901681783591e-22,8,Gimap6
Crip13,2.07071976403794e-26,0.599600891131581,0.4,0.231,3.34938921833136e-22,8,Crip1
Gnas1,2.10626441835901e-25,0.939980411759008,0.352,0.206,3.4068826966957e-21,8,Gnas
Ncl2,1.72675235671276e-24,0.982214920827645,0.352,0.208,2.79302193698288e-20,8,Ncl
Hsp90ab14,4.88877612473589e-23,0.721009396954759,0.509,0.356,7.9075953817603e-19,8,Hsp90ab1
Hnrnpa2b13,9.5298871618237e-23,0.749231536501168,0.451,0.303,1.54145924842498e-18,8,Hnrnpa2b1
Rpl193,2.59711074146632e-22,0.56313012262955,0.581,0.409,4.20082662432177e-18,8,Rpl19
Tpm41,3.88387892477353e-22,0.949274788959287,0.319,0.188,6.28217416082118e-18,8,Tpm4
Gm424181,4.87414850840386e-22,0.819892075302889,0.62,0.498,7.88393521234325e-18,8,Gm42418
Atp5h1,7.82222504298329e-22,1.12509997462737,0.273,0.154,1.26524490070255e-17,8,Atp5h
Rpl23a3,8.87316567616453e-21,0.507432918470755,0.609,0.455,1.43523454811961e-16,8,Rpl23a
Rpl363,9.75211874732707e-20,0.619135328631681,0.468,0.315,1.57740520738015e-15,8,Rpl36
Ctsd2,8.65482705356054e-19,0.901547214175276,0.307,0.185,1.39991827591342e-14,8,Ctsd
Tpm3,2.49838824692552e-18,0.622325653521839,0.615,0.51,4.04114298940203e-14,8,Tpm3
Calm11,3.69045681355713e-18,0.54149175517656,0.691,0.607,5.96931389592866e-14,8,Calm1
Rpl104,9.12774564464255e-18,0.603859120181155,0.468,0.329,1.47641285802093e-13,8,Rpl10
Hmgb1,2.4528389485864e-17,0.95143123744217,0.28,0.17,3.9674669993385e-13,8,Hmgb1
Pabpc12,5.47287020321506e-17,0.552332014194576,0.616,0.508,8.85236755370036e-13,8,Pabpc1
Ets13,7.93257932930965e-17,0.638605326784425,0.284,0.166,1.28309470651584e-12,8,Ets1
Cnbp2,8.874434688993e-17,0.976056339170065,0.283,0.174,1.43543981094462e-12,8,Cnbp
Gm89951,4.67861656185845e-16,0.781535860007016,0.413,0.297,7.56766228880604e-12,8,Gm8995
Srrm23,7.09652153440013e-15,0.577721624298772,0.432,0.312,1.14786235818922e-10,8,Srrm2
Cd471,1.37351245073829e-14,0.694795029301225,0.419,0.31,2.22165638906918e-10,8,Cd47
Laptm51,1.15121742539528e-13,0.587688752925808,0.488,0.39,1.86209418557686e-09,8,Laptm5
Ppp1r12a,1.96051182599106e-13,0.93305625723403,0.264,0.17,3.17112787854055e-09,8,Ppp1r12a
Rps213,1.43055087928029e-12,0.500051351350625,0.455,0.342,2.31391604723587e-08,8,Rps2
Myl61,1.48498075971534e-12,0.864663224959334,0.343,0.253,2.40195637883957e-08,8,Myl6
Npm12,1.02543191469746e-11,0.64099804339855,0.289,0.192,1.65863612202314e-07,8,Npm1
Hspa83,2.42630773306869e-11,0.704156789842012,0.364,0.27,3.92455275823861e-07,8,Hspa8
Sp1002,3.39997652083929e-11,0.86319888100742,0.265,0.179,5.49946202245756e-07,8,Sp100
Ywhab2,6.77353166385818e-11,0.726282095279209,0.263,0.176,1.09561874662906e-06,8,Ywhab
Tln12,2.66187656683174e-10,0.561483227568047,0.401,0.312,4.30558534685034e-06,8,Tln1
Cox6c2,9.54591810504591e-10,0.749762740081953,0.272,0.193,1.54405225349118e-05,8,Cox6c
Shisa53,1.35585117238343e-09,0.512759934068587,0.448,0.358,2.19308927133019e-05,8,Shisa5
Cox4i11,2.82297526127191e-09,0.543401667505792,0.396,0.309,4.56616248510732e-05,8,Cox4i1
Oaz1,4.43702853663204e-09,0.654008342610979,0.331,0.255,7.17689365800232e-05,8,Oaz1
Cox6b12,1.13052505746322e-07,0.659176449949989,0.251,0.181,0.00182862428044675,8,Cox6b1
Prrc2c2,1.92828739342875e-07,0.576208928625002,0.28,0.208,0.00311900485887101,8,Prrc2c
Sub1,2.95346148453412e-07,0.587305091233806,0.255,0.187,0.00477722395123394,8,Sub1
Cox8a,2.20713368157386e-05,0.675185739556458,0.287,0.234,0.357003872994573,8,Cox8a
Rsad2,0,6.26111554272713,0.631,0.012,0,9,Rsad2
Isg15,0,5.14148410924145,0.542,0.021,0,9,Isg15
Oasl1,0,5.03375411017951,0.396,0.012,0,9,Oasl1
Ifit3,0,5.96308326660536,0.298,0.005,0,9,Ifit3
Ifit3b,0,6.65197046935886,0.271,0.003,0,9,Ifit3b
Rtp4,3.26333415094424e-279,3.68099053325876,0.609,0.054,5.27844298915231e-275,9,Rtp4
Oasl2,4.26304089897566e-200,3.32131426199183,0.564,0.063,6.89546865409313e-196,9,Oasl2
Slfn43,1.67381862479536e-161,2.91579292939136,0.849,0.188,2.7074016256065e-157,9,Slfn4
Gbp2,2.06885119658049e-136,3.65918773555116,0.342,0.034,3.34636681046894e-132,9,Gbp2
Irf7,9.43639986856213e-126,3.37394442537028,0.324,0.033,1.52633767873992e-121,9,Irf7
Slfn5,7.06933295848976e-107,3.19974485871263,0.289,0.03,1.14346460603572e-102,9,Slfn5
Gbp7,7.16309231116698e-102,2.9270900258702,0.338,0.042,1.15863018133126e-97,9,Gbp7
Isg20,2.3962752566588e-101,3.32457953786457,0.284,0.031,3.87597522764561e-97,9,Isg20
Slfn13,1.02424341663201e-100,2.08101011734809,0.822,0.253,1.65671372640228e-96,9,Slfn1
Ifi204,5.13069135901086e-99,3.45363970227369,0.284,0.032,8.29889327320007e-95,9,Ifi204
Cxcr23,9.33380234900672e-78,1.44870007749517,0.969,0.371,1.50974252995184e-73,9,Cxcr2
Ifitm35,1.43368841291066e-72,1.76762242720363,0.84,0.319,2.31899100788299e-68,9,Ifitm3
Il1b2,9.72861206287969e-71,1.58058580463994,0.893,0.344,1.57360300117079e-66,9,Il1b
Trim30a2,1.20336959404367e-68,1.95587254954904,0.702,0.23,1.94645031836563e-64,9,Trim30a
Slpi3,4.37163324577497e-68,1.51707177385382,0.916,0.379,7.07111677504102e-64,9,Slpi
Mxd13,5.57017749874456e-67,1.59783115187147,0.782,0.266,9.00976210421932e-63,9,Mxd1
Msrb13,6.72298888216765e-67,1.42594094086476,0.947,0.427,1.08744345169062e-62,9,Msrb1
Lrg13,2.42281165676268e-60,1.44879884890102,0.844,0.333,3.91889785481363e-56,9,Lrg1
Anxa13,3.15342101309828e-60,1.44130152531288,0.844,0.33,5.10065848868647e-56,9,Anxa1
Wfdc173,3.35881480170347e-60,1.31508639651094,0.969,0.484,5.43288294175536e-56,9,Wfdc17
Fgl22,6.77722116879214e-60,1.96525199612651,0.516,0.136,1.09621552405213e-55,9,Fgl2
Trim30d,8.00691317249431e-60,2.50343990410178,0.347,0.068,1.29511820565095e-55,9,Trim30d
S100a113,1.36499445677437e-59,1.25381964022275,0.991,0.502,2.20787853383254e-55,9,S100a11
Grina3,4.65316937813334e-59,1.58093517063025,0.711,0.242,7.52650146913068e-55,9,Grina
Csf3r3,1.32991109764971e-58,1.4282647156713,0.707,0.235,2.15113120044841e-54,9,Csf3r
Ifitm13,3.49800404044863e-56,1.38415619337238,0.88,0.386,5.65802153542566e-52,9,Ifitm1
Hdc2,4.40298097845579e-55,1.84635004684729,0.524,0.151,7.12182173265224e-51,9,Hdc
Tyrobp3,1.17418857483918e-53,1.19557818292264,0.973,0.512,1.89925001980237e-49,9,Tyrobp
Hp3,1.09361970079629e-52,1.20855916762454,0.929,0.428,1.76892986603801e-48,9,Hp
Selplg3,3.50151901287736e-52,1.36634959217744,0.791,0.325,5.66370700332912e-48,9,Selplg
Lilr4b3,4.63929951503454e-51,1.45617323551887,0.676,0.237,7.50406696556837e-47,9,Lilr4b
Srgn3,6.29801306075088e-51,1.16741284168484,0.973,0.602,1.01870361257646e-46,9,Srgn
Ifitm23,7.49853092227896e-51,1.28713705373598,0.889,0.421,1.21288737667862e-46,9,Ifitm2
Txn13,2.35133069106577e-49,1.49263253203136,0.72,0.288,3.80327739279888e-45,9,Txn1
Ccl63,1.10927907130602e-47,1.1242891496173,0.871,0.389,1.79425889783748e-43,9,Ccl6
S100a93,6.39897279931654e-47,1.17907519591672,1,0.647,1.03503385028945e-42,9,S100a9
Clec7a3,1.89157966688118e-46,1.30283540095496,0.738,0.291,3.05963011118032e-42,9,Clec7a
Taldo13,5.36624163494315e-46,1.22672470160541,0.818,0.371,8.67989584452055e-42,9,Taldo1
Gda3,8.26504550795509e-46,1.2082468539818,0.804,0.347,1.33687111091174e-41,9,Gda
Alox5ap3,1.44466903690318e-45,1.0976560928461,0.947,0.469,2.33675216719089e-41,9,Alox5ap
Marcks3,1.83065055202224e-45,1.41073771306471,0.587,0.198,2.96107726789598e-41,9,Marcks
Retnlg3,1.21253991549601e-43,0.89216854165459,0.947,0.459,1.96128331331479e-39,9,Retnlg
Slfn8,2.26305874231772e-42,1.8669986229444,0.267,0.054,3.66049751569891e-38,9,Slfn8
Anxa23,3.51946185001372e-42,1.1518852098943,0.836,0.384,5.69272954239719e-38,9,Anxa2
Zyx3,8.4702027250252e-42,1.28550307329473,0.707,0.288,1.37005529077283e-37,9,Zyx
Tpd523,4.62542887875098e-41,1.25701220756107,0.747,0.335,7.48163121137971e-37,9,Tpd52
S100a83,8.17083792050717e-41,1.10548161238315,1,0.712,1.32163303364204e-36,9,S100a8
S100a63,2.33762976298668e-40,1.07748364329371,0.884,0.456,3.78111614163095e-36,9,S100a6
Slfn22,2.05453629760693e-39,1.12617432124188,0.871,0.476,3.3232124613792e-35,9,Slfn2
Dusp13,4.39711473872399e-39,1.42051225637269,0.618,0.245,7.11233308988605e-35,9,Dusp1
Wfdc213,7.18927607930548e-39,0.97326494815908,0.867,0.39,1.16286540582766e-34,9,Wfdc21
Mmp93,1.06453675960346e-38,1.38857829001696,0.56,0.2,1.7218882086586e-34,9,Mmp9
Lcp13,1.96018360875579e-38,0.979552146115996,0.929,0.581,3.17059698716249e-34,9,Lcp1
Prr133,3.3532551556049e-38,1.08311592945755,0.796,0.367,5.42389021419092e-34,9,Prr13
Tspo3,6.20180704768627e-38,1.26542999127759,0.716,0.314,1.00314228996325e-33,9,Tspo
Il1f93,1.90576559991221e-37,1.43724765197781,0.507,0.171,3.082575857858e-33,9,Il1f9
Clec4d3,1.92419805510533e-37,1.40039018776902,0.538,0.189,3.11239035413287e-33,9,Clec4d
H2-Q102,4.97661795519477e-37,1.65092333328163,0.418,0.128,8.04967954252754e-33,9,H2-Q10
Stat1,7.22640023376935e-37,1.92079848034899,0.271,0.062,1.16887023781219e-32,9,Stat1
Fcer1g6,1.56499270187813e-36,1.10445596379482,0.813,0.417,2.53137569528787e-32,9,Fcer1g
Adipor13,2.17586240517149e-36,1.26796610185491,0.636,0.265,3.51945744036488e-32,9,Adipor1
Fxyd53,3.68832297051576e-35,1.08212831178218,0.84,0.444,5.96586240480923e-31,9,Fxyd5
Litaf3,1.20452243704782e-34,1.44987914255635,0.511,0.188,1.94831504192485e-30,9,Litaf
Il1r23,2.02684096701858e-34,1.43724858222328,0.476,0.166,3.27841526415256e-30,9,Il1r2
Ccr13,4.02533295940729e-34,1.29357386061281,0.542,0.208,6.5109760618413e-30,9,Ccr1
Fpr12,7.24145922649778e-34,1.49175341818327,0.409,0.131,1.17130602988602e-29,9,Fpr1
Entpd11,2.80703010650086e-33,1.77797306823599,0.32,0.088,4.54037119726514e-29,9,Entpd1
Jaml1,3.71543019035355e-33,1.57048666367662,0.409,0.132,6.00970833289686e-29,9,Jaml
Steap41,3.50395427342725e-32,1.87340239947163,0.289,0.076,5.66764603726858e-28,9,Steap4
Pglyrp13,1.04079258165846e-31,1.04890062373115,0.662,0.286,1.68348200083257e-27,9,Pglyrp1
Actb3,2.33097473819605e-31,0.596203089237902,1,0.947,3.77035163903212e-27,9,Actb
Fcgr33,1.11076218352517e-30,1.35631110457787,0.529,0.214,1.79665783185196e-26,9,Fcgr3
Lcn23,1.36528016628701e-30,0.838457001159354,0.738,0.33,2.20834066896923e-26,9,Lcn2
Chil12,1.5859787848668e-30,1.49214512682547,0.418,0.144,2.56532068452205e-26,9,Chil1
Cd443,4.1400212728587e-30,1.33045354449085,0.511,0.2,6.69648440884895e-26,9,Cd44
Pla2g73,6.40540337389927e-30,1.04365271885113,0.613,0.259,1.03607399572821e-25,9,Pla2g7
Myd88,7.0602048523431e-30,1.59049996105925,0.32,0.093,1.1419881348665e-25,9,Myd88
Trim30b2,1.14580070285239e-29,1.3524953405736,0.418,0.143,1.85333263686375e-25,9,Trim30b
Sirpb1b2,2.1173989253256e-29,1.42298941030328,0.387,0.128,3.42489276171416e-25,9,Sirpb1b
Tnfaip22,1.14955569866021e-28,1.38357578088392,0.378,0.124,1.8594063425829e-24,9,Tnfaip2
Gm51501,7.30376670358277e-28,1.32079072487344,0.347,0.109,1.18138426430451e-23,9,Gm5150
Cd300lf2,9.77527504873669e-28,1.24667666288268,0.436,0.159,1.58115073913316e-23,9,Cd300lf
Gsr3,2.2531711266616e-27,1.17388736893044,0.582,0.258,3.64450429737513e-23,9,Gsr
Ftl14,2.42500916502402e-27,0.863032721561754,0.898,0.582,3.92245232442635e-23,9,Ftl1
Arg22,7.91722119583793e-27,1.58798187984006,0.293,0.086,1.28061052842679e-22,9,Arg2
Cd300ld4,8.62093469823005e-27,1.30053559696219,0.458,0.178,1.39443618743871e-22,9,Cd300ld
Ogfrl13,1.30608947954971e-26,1.3150921497308,0.431,0.163,2.11259973317166e-22,9,Ogfrl1
Asprv12,1.69241359839711e-26,1.37691077304895,0.378,0.13,2.73747899540733e-22,9,Asprv1
Pirb3,1.99928594811324e-26,1.15459342178176,0.551,0.24,3.23384502107316e-22,9,Pirb
Cebpd2,3.70893528490956e-26,1.2825543228561,0.391,0.138,5.99920282334121e-22,9,Cebpd
Stfa2l13,5.20533739932161e-26,1.17735319006198,0.444,0.17,8.41963324340271e-22,9,Stfa2l1
Pygl3,5.30349475055127e-26,1.10365291325494,0.529,0.218,8.57840275901667e-22,9,Pygl
Gcnt22,8.03990937254055e-26,1.54901844942758,0.329,0.108,1.30045534100843e-21,9,Gcnt2
Spi14,9.13622681960821e-26,1.10061467064387,0.627,0.296,1.47778468807163e-21,9,Spi1
Hmgb23,1.02302256359969e-25,0.938015144474167,0.684,0.34,1.65473899662249e-21,9,Hmgb2
Sp1003,1.72754794364358e-25,1.07861404957244,0.467,0.179,2.79430879884349e-21,9,Sp100
Tmsb4x3,2.19913798185776e-25,0.560904204289168,0.987,0.908,3.55710568565492e-21,9,Tmsb4x
Cd332,2.93965184932631e-25,1.26359545125563,0.378,0.134,4.7548868662853e-21,9,Cd33
Lmnb12,5.06950473135222e-25,1.27331907582765,0.351,0.119,8.19992390296221e-21,9,Lmnb1
Fos3,5.65188908108618e-25,1.1608896235215,0.533,0.236,9.1419305886569e-21,9,Fos
Map1lc3b3,7.34006571592968e-25,1.13839849885303,0.578,0.27,1.18725562955163e-20,9,Map1lc3b
Lst13,8.3893571310111e-25,1.30164959824611,0.404,0.152,1.35697851594105e-20,9,Lst1
Socs3,8.79603021991958e-25,1.61502593176621,0.253,0.072,1.42275788807199e-20,9,Socs3
Vasp2,9.32936024220521e-25,1.22346326239185,0.458,0.185,1.50902401917669e-20,9,Vasp
App4,2.45207142725514e-24,1.0613240413977,0.493,0.208,3.96622553358519e-20,9,App
Dhrs72,3.16351539501639e-24,1.24493856817863,0.404,0.152,5.11698615143902e-20,9,Dhrs7
Slc40a12,4.89585134153689e-24,1.30196294061645,0.347,0.12,7.91903954493592e-20,9,Slc40a1
Mcemp13,5.20215373089305e-24,1.17289200750232,0.498,0.213,8.4144836597195e-20,9,Mcemp1
Plek4,2.17736504475781e-23,1.13765364966242,0.502,0.22,3.52188795989576e-19,9,Plek
Nfam13,2.90028434049798e-23,1.17306788883789,0.449,0.183,4.69120992075549e-19,9,Nfam1
Rgs24,3.23445341686174e-23,1.15738524754837,0.569,0.277,5.23172840177387e-19,9,Rgs2
C5ar12,3.37242619666358e-23,1.4992693070684,0.298,0.098,5.45489937310334e-19,9,C5ar1
Gm7676,3.5824436107432e-23,1.69977268624819,0.258,0.079,5.79460254037713e-19,9,Gm7676
Pi162,3.71980987284613e-23,1.506360039256,0.293,0.096,6.01679246932861e-19,9,Pi16
Dhrs92,3.93491010055481e-23,1.3871164925405,0.311,0.103,6.36471708764741e-19,9,Dhrs9
Snap232,4.4345068057611e-23,1.20193823502917,0.396,0.152,7.17281475831858e-19,9,Snap23
Lsp13,8.49777678821472e-23,0.864136498275392,0.729,0.385,1.37451539549373e-18,9,Lsp1
Atxn102,1.16341867379403e-22,1.36672839305984,0.356,0.131,1.88182970486185e-18,9,Atxn10
Tnfsf141,4.43912238453479e-22,1.40268506506282,0.271,0.086,7.18028045698503e-18,9,Tnfsf14
Rhog3,7.50898048983386e-22,1.22590444106121,0.462,0.204,1.21457759423063e-17,9,Rhog
Gpcpd13,1.14623801527416e-21,1.03101002678778,0.471,0.2,1.85403998970595e-17,9,Gpcpd1
Trim12c,1.68042879454755e-21,1.38343593318349,0.276,0.089,2.71809357518067e-17,9,Trim12c
Prdx53,2.07323953096313e-21,1.03519677085349,0.6,0.312,3.35346494133287e-17,9,Prdx5
Sdcbp2,2.33346881717397e-21,1.32479421532099,0.342,0.128,3.77438581177889e-17,9,Sdcbp
Samhd12,3.04380680007011e-21,0.882637406937808,0.636,0.325,4.92335749911341e-17,9,Samhd1
Ncf23,2.04681782959001e-20,1.09196910542766,0.467,0.204,3.31072783936184e-16,9,Ncf2
Iqgap13,2.96121057892448e-20,0.826611320206524,0.707,0.389,4.78975811141034e-16,9,Iqgap1
Gm54833,3.00555533063475e-20,1.05141343418943,0.369,0.145,4.86148574730171e-16,9,Gm5483
Il1rap1,3.46676744382542e-20,1.29426956439419,0.253,0.081,5.60749634038762e-16,9,Il1rap
Ifi27l2a1,4.80751327368164e-20,1.67456506402459,0.369,0.154,7.77615272018006e-16,9,Ifi27l2a
Gmfg3,5.76517535465126e-20,0.970696074339238,0.573,0.281,9.32517113614842e-16,9,Gmfg
Tmem1541,6.4068972854356e-20,1.45520106482881,0.267,0.089,1.03631563591921e-15,9,Tmem154
Atg33,1.05958137531429e-19,1.04174972620036,0.484,0.223,1.71387287457087e-15,9,Atg3
Gapdh3,1.0897178181971e-19,1.03649140219285,0.476,0.215,1.76261857093381e-15,9,Gapdh
Nudt43,1.47681168011208e-19,0.936452908829739,0.471,0.212,2.38874289258128e-15,9,Nudt4
Mrpl334,2.06701195440087e-19,0.957734974554477,0.542,0.267,3.34339183624341e-15,9,Mrpl33
Glipr22,4.45248629084314e-19,1.29505072079414,0.333,0.131,7.20189657543879e-15,9,Glipr2
Pilra3,5.73420546324005e-19,1.14261250073239,0.356,0.142,9.27507733679078e-15,9,Pilra
Zfp363,6.41609763540756e-19,1.08847954474629,0.449,0.2,1.03780379252717e-14,9,Zfp36
H2-D13,8.04458042032909e-19,0.584260395026431,0.969,0.803,1.30121088298823e-14,9,H2-D1
Junb3,8.33520604635418e-19,0.923852012774586,0.542,0.266,1.34821957799779e-14,9,Junb
Adgre52,8.53105200896325e-19,1.10301941371142,0.356,0.14,1.37989766244981e-14,9,Adgre5
Ctsd3,8.95133513764113e-19,1.09310496762837,0.422,0.186,1.44787845851345e-14,9,Ctsd
Sell1,1.1256405203033e-18,0.791628438549703,0.809,0.483,1.82072354159058e-14,9,Sell
Tgfbi3,1.32458263800276e-18,1.09803030627931,0.36,0.145,2.14251241696947e-14,9,Tgfbi
Rnf144a1,1.3260531379245e-18,1.36856973054039,0.284,0.103,2.14489095059288e-14,9,Rnf144a
Fam129a1,4.31678637493834e-18,1.26713665108046,0.276,0.099,6.98240196146276e-14,9,Fam129a
Gnai23,1.22211269727019e-17,1.03692895760811,0.587,0.315,1.97676728783453e-13,9,Gnai2
Clec4e2,1.26680321922352e-17,1.21719530802747,0.342,0.14,2.04905420709404e-13,9,Clec4e
Pkm3,1.44296183561568e-17,0.959459482314565,0.52,0.26,2.33399076910836e-13,9,Pkm
Tmbim63,2.10821576362418e-17,0.873828766422565,0.542,0.27,3.41003899766211e-13,9,Tmbim6
Siglece2,4.48639002338277e-17,1.29626271013807,0.253,0.09,7.25673586282163e-13,9,Siglece
Sat15,4.48820580646025e-17,0.789208789665989,0.591,0.315,7.25967289194945e-13,9,Sat1
Picalm3,5.41538967392063e-17,1.1041267460611,0.413,0.193,8.75939279756662e-13,9,Picalm
Lamp23,9.8797735675101e-17,1.05240486516257,0.338,0.138,1.59805337454476e-12,9,Lamp2
AB1246113,1.03170234818301e-16,0.979531825363134,0.453,0.218,1.66877854818602e-12,9,AB124611
Igsf64,1.05583940659621e-16,0.846985436537449,0.44,0.204,1.70782024016937e-12,9,Igsf6
Hist1h2bc1,1.46216996930439e-16,1.19388927705804,0.284,0.109,2.36505992534986e-12,9,Hist1h2bc
Rnf1492,2.23990082200794e-16,1.06804834453095,0.316,0.126,3.62303957959784e-12,9,Rnf149
Csf2rb2,2.65272687610647e-16,1.22929309643458,0.32,0.133,4.29078572210221e-12,9,Csf2rb
Gabarap3,3.1737792774403e-16,0.835197149576166,0.529,0.272,5.13358798125968e-12,9,Gabarap
Itm2b4,4.24799800470198e-16,0.709570530706407,0.724,0.449,6.87113677260545e-12,9,Itm2b
Ubb2,6.24205116526181e-16,0.627898709537693,0.804,0.579,1.0096517759811e-11,9,Ubb
Eif4ebp12,8.28909850407633e-16,1.14639403710485,0.316,0.129,1.34076168303435e-11,9,Eif4ebp1
Mcl13,1.09916059185617e-15,0.742824064197732,0.636,0.346,1.77789225732736e-11,9,Mcl1
Cdk2ap23,1.18722349162782e-15,0.98894648189558,0.538,0.289,1.920333997708e-11,9,Cdk2ap2
Fyb4,1.46959973914006e-15,0.834132301143428,0.489,0.251,2.37707757805904e-11,9,Fyb
Ly6g1,1.69636632499757e-15,1.30922294030927,0.258,0.097,2.74387253068356e-11,9,Ly6g
Ddx62,2.2251406278226e-15,0.851495912915891,0.524,0.273,3.59916496550306e-11,9,Ddx6
Bst11,2.23905212292265e-15,1.31602982639683,0.253,0.096,3.62166680882739e-11,9,Bst1
Gm19661,3.17210344130249e-15,0.854052404758389,0.387,0.172,5.13087731630678e-11,9,Gm1966
Fbxl53,4.33038305212292e-15,0.971357027295553,0.378,0.172,7.00439458680883e-11,9,Fbxl5
Sem14,4.65173782557607e-15,0.792242502526208,0.604,0.35,7.5241859328693e-11,9,Sem1
Atp6v1g12,4.90450750338276e-15,0.978390318925821,0.396,0.183,7.93304088672161e-11,9,Atp6v1g1
Trem32,6.85584770195425e-15,1.15771775361419,0.262,0.101,1.1089333657911e-10,9,Trem3
Ptprc3,1.02138745926534e-14,0.548990589899292,0.893,0.667,1.65209421536169e-10,9,Ptprc
Tor1aip1,1.24632933658324e-14,1.23220671818535,0.28,0.113,2.01593770192339e-10,9,Tor1aip1
Sorl12,1.27522337378492e-14,0.802687147054495,0.533,0.286,2.0626738070971e-10,9,Sorl1
AI467606,1.77419939975768e-14,1.19038373317779,0.267,0.105,2.86976752910805e-10,9,AI467606
Samd9l1,1.92883347775624e-14,0.912022745192035,0.409,0.197,3.11988815027071e-10,9,Samd9l
2310001H17Rik2,2.32707624605113e-14,1.17506464184806,0.289,0.119,3.76404582798771e-10,9,2310001H17Rik
R3hdm42,3.28409388724198e-14,1.17936017986319,0.28,0.116,5.31202186261391e-10,9,R3hdm4
Rab5if1,5.32868247797974e-14,1.19033612447839,0.267,0.108,8.61914390813222e-10,9,Rab5if
Rac23,1.10207428185504e-13,0.651943685413166,0.711,0.445,1.78260515090053e-09,9,Rac2
Mtus12,2.31540244664006e-13,0.960020829320611,0.289,0.122,3.7451634574403e-09,9,Mtus1
Pgd2,2.34430913222834e-13,1.11641144430045,0.284,0.122,3.79192002137933e-09,9,Pgd
Rac11,2.77535637142708e-13,0.927500282736629,0.391,0.191,4.48913893078331e-09,9,Rac1
Fam32a1,4.27559779968112e-13,0.904201557737175,0.338,0.156,6.91577944098421e-09,9,Fam32a
Fpr22,5.21609209613615e-13,1.03328580926864,0.289,0.125,8.43702896550022e-09,9,Fpr2
Gm89952,6.29957369761704e-13,0.776919012271113,0.533,0.298,1.01895604558956e-08,9,Gm8995
Nadk,1.03951332085985e-12,1.3039654105034,0.253,0.106,1.68141279649081e-08,9,Nadk
Glrx1,1.90060247780884e-12,1.1222457678317,0.253,0.106,3.0742245078558e-08,9,Glrx
Samsn11,2.71534144812839e-12,1.12163123414181,0.262,0.112,4.39206479234766e-08,9,Samsn1
Cd531,4.30733078117565e-12,0.704483323880481,0.476,0.253,6.96710753855162e-08,9,Cd53
H2-T23,5.34392372435305e-12,0.87816331842972,0.32,0.149,8.64379662414106e-08,9,H2-T23
Stk17b3,6.99611809760555e-12,0.667372807469931,0.507,0.28,1.1316221022877e-07,9,Stk17b
Mmp83,1.04637996211179e-11,0.726593225026866,0.48,0.265,1.69251958871581e-07,9,Mmp8
Skap22,1.45420472350172e-11,0.847558181146929,0.302,0.138,2.35217614026402e-07,9,Skap2
Gnb22,1.55995623483822e-11,0.931816451701785,0.356,0.179,2.52322920985083e-07,9,Gnb2
Rab7,2.76034283940168e-11,0.905994548148126,0.311,0.148,4.46485454273221e-07,9,Rab7
Resf11,3.00276794290989e-11,0.976807093195637,0.369,0.19,4.85697714765675e-07,9,Resf1
Rdh122,4.81598587518095e-11,0.908737829527528,0.262,0.115,7.78985715310519e-07,9,Rdh12
Cdkn2d2,5.19642067113753e-11,1.00419690425765,0.311,0.152,8.40521043556496e-07,9,Cdkn2d
Vsir2,5.45851341041685e-11,0.806239206656342,0.338,0.167,8.82914544134925e-07,9,Vsir
Trim12a,6.0290765540587e-11,0.998168346731339,0.253,0.113,9.75203132618995e-07,9,Trim12a
Fth13,8.42686434868395e-11,0.523719412071938,0.88,0.738,1.36304530839963e-06,9,Fth1
Csf2ra2,8.79133669419951e-11,1.07640724306653,0.253,0.113,1.42199871028677e-06,9,Csf2ra
Arpc33,1.18598044260602e-10,0.698473227148769,0.458,0.256,1.91832336591524e-06,9,Arpc3
Cdc421,1.24385529872455e-10,0.526973027134354,0.716,0.464,2.01193594568696e-06,9,Cdc42
Ube2b2,1.51175946632713e-10,0.643912669668402,0.409,0.218,2.44527093678414e-06,9,Ube2b
Klf61,2.17072488545181e-10,0.666757692739171,0.382,0.202,3.5111475022183e-06,9,Klf6
Tspan131,2.32017584976444e-10,0.898060391510411,0.289,0.138,3.75288443699399e-06,9,Tspan13
Cdc42se11,3.83069828910584e-10,0.707230139432784,0.396,0.209,6.19615448262869e-06,9,Cdc42se1
Ostf13,5.52828458448016e-10,0.732642546887639,0.453,0.261,8.94200031539665e-06,9,Ostf1
Chmp4b,5.96098882046933e-10,0.797720958236759,0.271,0.126,9.64189941710913e-06,9,Chmp4b
Ptpre1,6.22320249767829e-10,0.863246852498693,0.258,0.117,1.00660300399946e-05,9,Ptpre
Gpi12,8.0782999212616e-10,0.917648193146426,0.351,0.189,1.30666501226406e-05,9,Gpi1
Cap13,9.8285043679756e-10,0.622592677099528,0.413,0.228,1.58976058152005e-05,9,Cap1
Vim3,1.57255472456675e-09,0.702143741213365,0.516,0.319,2.54360726698672e-05,9,Vim
Lbr2,1.57919369602182e-09,0.920857105513685,0.284,0.141,2.55434580331529e-05,9,Lbr
Cebpb3,1.92289055768186e-09,0.69845867032461,0.311,0.156,3.1102754770504e-05,9,Cebpb
Lrrfip12,3.42163379345468e-09,0.831618757972263,0.284,0.142,5.53449266091295e-05,9,Lrrfip1
Cyth4,4.53896753891054e-09,0.825389597231845,0.262,0.127,7.3417799941878e-05,9,Cyth4
Gpsm33,7.56553554163003e-09,0.702905080752518,0.36,0.197,0.000122372537385866,9,Gpsm3
Ypel32,1.1618958347569e-08,0.643246938562959,0.462,0.28,0.000187936651271929,9,Ypel3
March71,1.26563538364112e-08,0.723977257231258,0.28,0.14,0.000204716523303951,9,March7
Gm2a2,2.18676270372997e-08,0.791279323912209,0.267,0.134,0.000353708867328322,9,Gm2a
Txnip1,2.44170343388586e-08,0.729205033935954,0.302,0.16,0.000394945530431038,9,Txnip
Emb4,3.59711221883096e-08,0.602475499582261,0.382,0.218,0.000581832901395908,9,Emb
Myl12b2,4.58692735146572e-08,0.516170217696258,0.476,0.286,0.00074193549909958,9,Myl12b
Vamp81,5.77993106011017e-08,0.673644300701209,0.293,0.154,0.00093490384897282,9,Vamp8
Cnn23,7.9586170183919e-08,0.599449143297727,0.449,0.271,0.00128730630272489,9,Cnn2
Aldoa2,9.15852539932384e-08,0.682706196766986,0.382,0.226,0.00148139148334063,9,Aldoa
Btg11,1.82083533668725e-07,0.578831537419971,0.387,0.225,0.00294520115709162,9,Btg1
Dazap21,1.82402992582255e-07,0.764366068533592,0.333,0.195,0.00295036840501798,9,Dazap2
Cotl13,1.91287369015631e-07,0.571243282016154,0.462,0.292,0.00309407319382783,9,Cotl1
Fis1,2.40722066113313e-07,0.614619597346073,0.302,0.167,0.00389367941938284,9,Fis1
Mgst12,2.67697666522273e-07,0.762006131009594,0.276,0.149,0.00433000975599777,9,Mgst1
Diaph11,3.65055946764507e-07,0.563379144681552,0.316,0.177,0.0059047799389159,9,Diaph1
Lyst3,4.02295764990363e-07,0.562535073257757,0.302,0.168,0.00650713399871912,9,Lyst
Ucp21,5.73088941140309e-07,0.678819690968877,0.284,0.155,0.00926971362294449,9,Ucp2
Btg2,1.48783628237539e-06,0.576101428881959,0.28,0.154,0.0240657518674219,9,Btg2
Actr21,2.13581223825069e-06,0.559662329538114,0.36,0.217,0.0345467629537049,9,Actr2
Pak21,2.137259243042e-06,0.647320154765377,0.289,0.168,0.0345701682562043,9,Pak2
Ubl51,4.87208374425782e-06,0.649362624903814,0.338,0.209,0.0788059545633703,9,Ubl5
Bin21,8.79031755759095e-06,0.542695131885653,0.258,0.147,0.142183386494034,9,Bin2
Clic11,1.1606788363734e-05,0.518895621927267,0.404,0.263,0.187739801783398,9,Clic1
Plbd14,1.92790100374658e-05,0.538548028961531,0.253,0.147,0.31183798735601,9,Plbd1
Sh3glb12,5.98769001697467e-05,0.521980014305155,0.356,0.234,0.968508860245654,9,Sh3glb1
Gm5905,0.000692615185666188,0.581111556971943,0.298,0.197,1,9,Gm5905
Ccl3,0,9.53279941809359,0.66,0.003,0,10,Ccl3
Cd63,0,5.35682188746058,0.618,0.033,0,10,Cd63
Gata2,0,11.1849255944247,0.507,0,0,10,Gata2
Ms4a2,0,11.5959258191118,0.493,0,0,10,Ms4a2
Cd200r3,0,10.9472620324124,0.486,0.001,0,10,Cd200r3
Ccl4,0,7.42064134983426,0.444,0.006,0,10,Ccl4
Cyp11a1,0,15.2816009766051,0.389,0,0,10,Cyp11a1
Fcer1a,0,12.1984664441484,0.299,0,0,10,Fcer1a
Csrp3,0,12.7714020896713,0.292,0,0,10,Csrp3
Mcpt8,0,9.7251258096439,0.278,0,0,10,Mcpt8
Il1rl1,0,8.28030983157155,0.25,0.001,0,10,Il1rl1
Csf1,6.51787613193841e-301,5.48374621788416,0.312,0.009,1.05426646434104e-296,10,Csf1
Ccl91,1.05604311069544e-227,5.58016588423991,0.625,0.05,1.70814973154988e-223,10,Ccl9
Ier3,1.56999725273798e-216,5.10150045984272,0.556,0.041,2.53947055630368e-212,10,Ier3
Nedd4,2.56772916134388e-163,4.64325289814061,0.25,0.01,4.15330191847373e-159,10,Nedd4
Id1,4.61158405731506e-150,4.94346469321538,0.333,0.02,7.45923721270711e-146,10,Id1
Osm,1.60064971000584e-147,4.52450196654554,0.403,0.03,2.58905090593445e-143,10,Osm
Atp1b11,1.4798934385131e-74,3.32245868858893,0.333,0.038,2.39372763679494e-70,10,Atp1b1
Tmem64,8.69122854979141e-66,3.36594319855552,0.285,0.031,1.40580621792876e-61,10,Tmem64
Rgs18,3.84771427629086e-64,3.76964967240388,0.347,0.048,6.22367784190046e-60,10,Rgs18
Ptms,1.74723842451389e-62,3.35778569832805,0.299,0.036,2.82615815165122e-58,10,Ptms
Cd91,1.03800973094673e-54,3.7195439597642,0.465,0.098,1.67898073980633e-50,10,Cd9
S100a103,2.62953377685907e-53,2.68264289321713,0.542,0.13,4.25327088406954e-49,10,S100a10
Jak2,2.38528419238586e-52,3.11243507140799,0.312,0.046,3.85819718118413e-48,10,Jak2
Itgb12,9.63565836968485e-50,2.87052373212704,0.41,0.081,1.55856774129652e-45,10,Itgb1
Lilr4b4,1.01286683250521e-48,2.36772670307263,0.701,0.238,1.63831210157718e-44,10,Lilr4b
Ccl64,7.94869987414577e-45,3.08489881703992,0.799,0.391,1.28570220464308e-40,10,Ccl6
Tec,1.23544663903784e-44,2.73467582721596,0.34,0.061,1.99833493864371e-40,10,Tec
Tagln2,4.05271879901229e-38,2.29988532097445,0.479,0.129,6.55527265740239e-34,10,Tagln2
Casp3,6.56983430126181e-36,2.82786236305764,0.278,0.051,1.0626706982291e-31,10,Casp3
Syne1,8.9208579850545e-33,2.66200790749102,0.264,0.049,1.44294877908257e-28,10,Syne1
Csf2rb3,2.20189356548848e-31,2.14402585732323,0.451,0.132,3.56156284217761e-27,10,Csf2rb
Leprotl1,7.86918415850537e-31,2.35173379520841,0.333,0.079,1.27284053763824e-26,10,Leprotl1
Pim1,9.72084753426754e-30,2.60943676889065,0.382,0.107,1.57234708866777e-25,10,Pim1
Hist1h1c,6.62407203975729e-28,3.25051101828603,0.25,0.052,1.07144365243074e-23,10,Hist1h1c
Ilk,7.08043362277988e-28,2.8987514209909,0.271,0.06,1.14526013848465e-23,10,Ilk
Tmsb4x4,1.44533050975128e-27,1.40092830146311,0.965,0.908,2.33782209952269e-23,10,Tmsb4x
Ywhah,8.06135479190511e-26,3.6042130351321,0.306,0.081,1.30392413759065e-21,10,Ywhah
Mbnl13,2.99476446242957e-24,1.82906535776733,0.514,0.192,4.84403151797983e-20,10,Mbnl1
Hacd41,9.26875213829775e-24,2.15963234569666,0.354,0.105,1.49922065836966e-19,10,Hacd4
Mpc2,2.47352773203055e-23,2.65855118324333,0.278,0.071,4.00093110655941e-19,10,Mpc2
1810058I24Rik,2.32616548456574e-22,3.30464255646015,0.326,0.1,3.76257267128509e-18,10,1810058I24Rik
Calm22,2.32685386904982e-21,1.70016851008618,0.535,0.231,3.76368613318809e-17,10,Calm2
Emilin23,1.44441370498339e-20,1.67529747557813,0.368,0.118,2.33633916781063e-16,10,Emilin2
Ier2,1.49760132765574e-20,2.15459159854701,0.389,0.137,2.42237014748316e-16,10,Ier2
Gpx4,2.55869884377513e-20,2.81006196285954,0.25,0.066,4.13869537980627e-16,10,Gpx4
Ifitm14,9.49894937373644e-20,0.994974619705085,0.778,0.388,1.53645506120187e-15,10,Ifitm1
Creg11,6.54053305960154e-19,2.07029563104111,0.299,0.092,1.05793122239055e-14,10,Creg1
Myl62,5.57441283889952e-18,2.02702444828203,0.521,0.254,9.01661276691998e-14,10,Myl6
Rplp12,9.85076681005525e-18,0.94158269899218,0.819,0.541,1.59336153152644e-13,10,Rplp1
Itm2b5,5.32249274168584e-17,1.11570844591973,0.708,0.449,8.60913200967685e-13,10,Itm2b
Tnfaip8,7.77268535195976e-17,1.87836026190363,0.326,0.113,1.25723185567949e-12,10,Tnfaip8
Tpm42,1.53073705630113e-16,2.45346760370608,0.431,0.19,2.47596718856707e-12,10,Tpm4
Fam107b,2.839887698737e-16,1.80994883731597,0.333,0.12,4.59351835270709e-12,10,Fam107b
Tax1bp1,5.16594538543894e-16,1.1109728768764,0.722,0.441,8.35591666094748e-12,10,Tax1bp1
Mkrn1,1.08449788729569e-15,2.75658272988252,0.25,0.077,1.75417533270078e-11,10,Mkrn1
Os9,2.81051203771747e-15,1.75264623496294,0.271,0.087,4.54600322100801e-11,10,Os9
Actb4,8.6424232491474e-15,0.592549584979928,0.993,0.947,1.39791196054959e-10,10,Actb
Cnn24,1.23481557857366e-14,1.55630841745001,0.521,0.271,1.9973141983429e-10,10,Cnn2
Clint1,5.5609842885557e-14,1.88880122919171,0.271,0.093,8.99489208673885e-10,10,Clint1
Cyp4f182,6.60090786545639e-14,1.50160667699882,0.354,0.142,1.06769684723757e-09,10,Cyp4f18
Fermt31,1.14232124123377e-13,2.4928832498567,0.333,0.138,1.84770460769562e-09,10,Fermt3
H3f3b,5.2515253406638e-13,1.52401183661174,0.604,0.4,8.49434223852369e-09,10,H3f3b
Rps233,1.57143808398865e-12,0.971535259942522,0.694,0.492,2.54180110085164e-08,10,Rps23
Ptpn183,1.89662015372273e-12,1.59048409808484,0.389,0.182,3.06778309864652e-08,10,Ptpn18
Plek5,1.94502228540271e-12,1.95722816191564,0.431,0.221,3.14607354663888e-08,10,Plek
Sh3bgrl3,3.12246928391566e-12,0.914470990792001,0.736,0.521,5.05059406673359e-08,10,Sh3bgrl3
Hdc3,4.70069793450384e-12,1.28655482169479,0.361,0.153,7.60337890905996e-08,10,Hdc
Rpl383,7.22799909753302e-12,1.03123508558872,0.576,0.335,1.16912885402597e-07,10,Rpl38
Sec11c,1.06500362883583e-11,1.32145065386791,0.319,0.13,1.72264336964195e-07,10,Sec11c
Fxyd54,1.44738989878064e-11,1.0287679208809,0.646,0.445,2.34115316127769e-07,10,Fxyd5
Srgn4,1.46902404853776e-11,0.62341647820196,0.861,0.603,2.37614639850982e-07,10,Srgn
Cd472,2.2417726390384e-11,1.23880685700295,0.528,0.311,3.62606724364461e-07,10,Cd47
Gm424182,3.64006126902867e-11,0.805313690176321,0.722,0.5,5.88779910265388e-07,10,Gm42418
Ybx12,6.77165669275083e-11,1.52133584252466,0.472,0.276,1.09531547005245e-06,10,Ybx1
Tln13,1.59465066453661e-09,1.07612243759001,0.514,0.313,2.57934744988797e-05,10,Tln1
Ftl15,1.931160366215e-09,0.709774863868248,0.812,0.583,3.12365189235275e-05,10,Ftl1
Ptpre2,2.20375040648432e-09,1.30499743210025,0.278,0.118,3.56456628248838e-05,10,Ptpre
Rap1a2,2.45462177321992e-09,1.69114871849379,0.306,0.14,3.97035071818322e-05,10,Rap1a
Aldoa3,3.72685008440474e-09,1.08267393091355,0.424,0.226,6.02818001152466e-05,10,Aldoa
Bin22,5.15640443488956e-09,1.45734322317236,0.306,0.147,8.34048417343386e-05,10,Bin2
Rps114,7.08553177486228e-09,0.838756171212263,0.674,0.479,0.000114608476458397,10,Rps11
Rap1b1,8.71040703239578e-09,1.64149127593687,0.354,0.191,0.000140890833749002,10,Rap1b
Ubb3,1.01813376158844e-08,0.841755074674849,0.736,0.58,0.000164683135936931,10,Ubb
Crip14,1.75271920039058e-08,0.780794651205274,0.438,0.234,0.000283502330663177,10,Crip1
Sept13,8.73717915878457e-08,1.11718782988587,0.285,0.135,0.0014132387289334,10,Sept1
Ctsd4,1.02301386505364e-07,1.0027045154477,0.354,0.187,0.00165472492672427,10,Ctsd
Arpc22,1.73962081702861e-07,0.593413314999252,0.826,0.699,0.00281383667154377,10,Arpc2
Lgals33,4.24535851468571e-07,1.00793215482627,0.417,0.248,0.00686686739750414,10,Lgals3
Rplp03,6.4795716112464e-07,0.594624476226863,0.639,0.428,0.010480707081191,10,Rplp0
Gpx13,2.82055208982956e-06,0.519931968410023,0.66,0.473,0.0456224300529932,10,Gpx1
Klf62,4.90822192063053e-06,1.14490968127873,0.34,0.203,0.0793904895661988,10,Klf6
Gnas2,9.08592171127059e-06,1.74326766994663,0.34,0.209,0.146964783679802,10,Gnas
Zyx4,1.67355422249879e-05,1.12678768380822,0.438,0.29,0.270697395489179,10,Zyx
Hmgb11,1.70561570585911e-05,0.843352115809047,0.306,0.172,0.27588334042271,10,Hmgb1
Taldo14,3.14410234657255e-05,0.582980224684638,0.556,0.373,0.508558554558111,10,Taldo1
Phf20l1,3.64124587694238e-05,1.07554059075768,0.264,0.147,0.58897152059543,10,Phf20l1
Fyb5,4.34812476811964e-05,0.978176468506732,0.382,0.252,0.703309181243351,10,Fyb
Actg13,5.63840700024143e-05,1.04754081996635,0.333,0.213,0.912012332289051,10,Actg1
Hsp90b14,6.38283031588603e-05,0.579506637477293,0.34,0.201,1,10,Hsp90b1
Rpl7a3,7.31253490398472e-05,0.704562248453446,0.431,0.288,1,10,Rpl7a
Ptp4a2,0.000100496463625442,0.806834939649376,0.25,0.138,1,10,Ptp4a2
Myh9,0.000105185229272343,1.01564949255222,0.306,0.184,1,10,Myh9
Ncf11,0.000184551990585951,0.660947035050428,0.285,0.163,1,10,Ncf1
Ywhaz1,0.000494723931315113,0.954547892894601,0.271,0.17,1,10,Ywhaz
Ubc1,0.000616945754907289,0.860077359874198,0.285,0.181,1,10,Ubc
Atp5e1,0.000699790623242449,0.873138626374003,0.292,0.194,1,10,Atp5e
Vasp3,0.00141690998171119,0.714660785469477,0.285,0.186,1,10,Vasp
Cox6a12,0.00191323832633039,0.745433678894828,0.285,0.187,1,10,Cox6a1
Pnrc1,0.0025779288306612,0.706268197740085,0.25,0.16,1,10,Pnrc1
Zfp364,0.003351328633474,0.944085388430666,0.292,0.202,1,10,Zfp36
Junb4,0.0045892142369467,0.749262346038211,0.361,0.267,1,10,Junb
Ppp1r12a1,0.00675347760173925,0.741081445074455,0.25,0.172,1,10,Ppp1r12a
Eif1,0.0080261017126766,0.511144935660679,0.5,0.421,1,10,Eif1
Cox6c3,0.00976461302717913,0.706324187352525,0.271,0.194,1,10,Cox6c
Siglech,0,8.8387372163674,0.262,0,0,11,Siglech
Cd7,2.21227571383343e-220,4.77608677193116,0.361,0.014,3.57835596712558e-216,11,Cd7
Bst2,2.3309216556913e-124,5.14499548463903,0.361,0.025,3.77026577808068e-120,11,Bst2
Lgals12,5.17828132690903e-109,3.3215516755396,0.541,0.06,8.37587004627535e-105,11,Lgals1
Ptms1,1.52650984618339e-56,2.94764639930374,0.311,0.037,2.46912967620164e-52,11,Ptms
Plac82,1.95251236188267e-46,2.02371817776601,0.631,0.158,3.15818874534521e-42,11,Plac8
H2-DMb1,2.16823833754259e-44,2.79140166227068,0.254,0.031,3.50712551097514e-40,11,H2-DMb1
Ranbp1,8.05787657551609e-44,2.51375162918826,0.344,0.054,1.30336153608973e-39,11,Ranbp1
Manf,1.67933512585025e-40,2.77098935545297,0.254,0.033,2.71632456606278e-36,11,Manf
H2afy,3.1990591376284e-40,2.14436065862184,0.41,0.079,5.17447815511393e-36,11,H2afy
Irf81,2.14987820130556e-39,3.0896614666994,0.434,0.096,3.47742799061174e-35,11,Irf8
Tcf4,1.58617028776628e-37,2.26786582530137,0.254,0.035,2.56563044046196e-33,11,Tcf4
Hsp90ab15,3.83681295718478e-34,1.45125886497809,0.877,0.357,6.20604495824638e-30,11,Hsp90ab1
Syngr2,3.88637629052871e-33,2.53280169260121,0.262,0.041,6.28621364993018e-29,11,Syngr2
Hsp90b15,4.17580082871169e-32,1.86431273740647,0.623,0.2,6.75435784044116e-28,11,Hsp90b1
Ssr4,1.13627863790243e-29,2.10079555435465,0.328,0.067,1.83793069680719e-25,11,Ssr4
Mrpl52,2.66206146583141e-29,2.1495367624245,0.311,0.062,4.3058844209823e-25,11,Mrpl52
Ptma5,3.08889860531285e-29,1.53778571724982,0.787,0.314,4.99629349409353e-25,11,Ptma
Calr3,2.92883694689482e-28,2.06288057658095,0.516,0.161,4.73739376160237e-24,11,Calr
Cox7b1,5.65066040873763e-28,2.03740385368635,0.402,0.101,9.13994321113312e-24,11,Cox7b
Ppia4,1.10569709684472e-27,1.52594818695432,0.664,0.236,1.78846505414633e-23,11,Ppia
Cst32,2.89599711192086e-27,2.23606885899282,0.697,0.312,4.68427532853199e-23,11,Cst3
Rnase62,5.37121958240872e-27,1.79269278069635,0.41,0.103,8.68794767454611e-23,11,Rnase6
Hint11,6.27638976000609e-27,1.90223216588183,0.369,0.088,1.01520604368098e-22,11,Hint1
Mbnl14,4.21391944728229e-26,1.35086746313385,0.59,0.192,6.8160147059791e-22,11,Mbnl1
Rpl313,5.41090769599362e-26,1.06699371607691,0.852,0.35,8.75214319826969e-22,11,Rpl3
Psap2,2.90316689481398e-25,1.70273805836358,0.525,0.17,4.69587245236162e-21,11,Psap
Atpif1,6.33158204260952e-25,2.05113625894068,0.311,0.071,1.02413339539209e-20,11,Atpif1
Sh3bgrl1,6.58963595796942e-25,1.9950287544785,0.262,0.051,1.06587361620155e-20,11,Sh3bgrl
Rpl324,6.65906701630749e-25,1.10666274913754,0.926,0.487,1.07710408988774e-20,11,Rpl32
Hspe1,7.09707942923115e-25,1.98218193890126,0.311,0.069,1.14795259767814e-20,11,Hspe1
Itgb13,7.19604667016418e-25,1.57072670933188,0.344,0.081,1.16396054889906e-20,11,Itgb1
Hsp90aa1,1.18710558730178e-24,1.64997317145806,0.328,0.074,1.92014328746063e-20,11,Hsp90aa1
Pycard1,1.51315111085285e-24,2.2969498421172,0.287,0.062,2.44752192180448e-20,11,Pycard
Rps173,2.24129242535054e-24,1.19793995010555,0.836,0.366,3.62529049800449e-20,11,Rps17
Rps263,1.05825993696851e-23,1.10698124424806,0.902,0.464,1.71173544804656e-19,11,Rps26
Rps115,3.98056552278781e-23,1.07492027518271,0.893,0.479,6.43856473310928e-19,11,Rps11
Sec61b1,4.61889725949154e-23,1.44696237016285,0.525,0.172,7.47106631722757e-19,11,Sec61b
Rps27l1,2.05756418437902e-22,2.14697304349782,0.287,0.066,3.32811006823306e-18,11,Rps27l
Psma72,2.15004025085572e-22,1.37418199256656,0.533,0.177,3.47769010575912e-18,11,Psma7
Snrpd3,3.42422010820964e-22,1.61444108272287,0.369,0.098,5.53867602502909e-18,11,Snrpd3
Ifi301,4.6558764026295e-22,1.80116221701706,0.287,0.065,7.53088008125322e-18,11,Ifi30
Rpl314,4.70777068084155e-22,1.24505103857462,0.787,0.37,7.6148190762612e-18,11,Rpl31
Cox5a,4.96592500225215e-22,1.80119625409603,0.352,0.093,8.03238369114286e-18,11,Cox5a
Cd48,1.42083238898173e-21,1.83906588737459,0.303,0.073,2.29819638917795e-17,11,Cd48
Atp5mpl1,1.49720063208051e-21,1.49627816531632,0.402,0.116,2.42172202239022e-17,11,Atp5mpl
Nptn,2.73859976154633e-21,1.33132043371582,0.336,0.084,4.42968511430119e-17,11,Nptn
Crip15,5.37669762844101e-21,2.00131957559701,0.557,0.234,8.69680841400333e-17,11,Crip1
Mpeg12,1.01185514906677e-20,1.03689650800988,0.369,0.098,1.63667570361551e-16,11,Mpeg1
Pdia32,1.62090961570322e-20,1.61092880482747,0.402,0.122,2.62182130339995e-16,11,Pdia3
H2-DMa1,1.69003902545548e-20,1.56595192296779,0.344,0.093,2.73363812367423e-16,11,H2-DMa
Ly86,1.85857281995398e-20,1.22773878021932,0.279,0.064,3.00624153627556e-16,11,Ly86
Gm2a3,3.51589548906715e-20,1.6172808603294,0.426,0.134,5.68696095356611e-16,11,Gm2a
Rpl283,8.67815175935452e-20,1.19416223333105,0.631,0.254,1.40369104707559e-15,11,Rpl28
Rpl105,9.84167876383937e-20,1.10035051329516,0.73,0.331,1.59189154005102e-15,11,Rpl10
Ccr21,1.06652533579324e-19,0.750783177087134,0.344,0.092,1.72510473064556e-15,11,Ccr2
Rpl183,2.31258535115842e-19,0.974211627099842,0.77,0.346,3.74060680549875e-15,11,Rpl18
Ctsh1,4.70841566893535e-19,1.31505222328736,0.328,0.087,7.61586234450293e-15,11,Ctsh
Rpl10a2,6.97019242899421e-19,1.40191515002209,0.541,0.202,1.12742862538981e-14,11,Rpl10a
Dbi1,1.55687792768944e-18,1.44990374913172,0.279,0.069,2.51825004803767e-14,11,Dbi
Rack13,1.93604762807732e-18,0.98759101108463,0.746,0.339,3.13155703841507e-14,11,Rack1
Cct5,1.97148974556033e-18,1.61630206786412,0.262,0.063,3.18888466344384e-14,11,Cct5
Ctsb2,2.73695413980538e-18,1.35084532152342,0.475,0.167,4.42702332113521e-14,11,Ctsb
Rplp13,4.60046714554632e-18,0.745945940330773,0.951,0.541,7.44125560792117e-14,11,Rplp1
Ybx13,5.81244941525295e-18,0.992211328804095,0.664,0.275,9.40163692917165e-14,11,Ybx1
Rps27a2,7.00467718067632e-18,0.939876579063082,0.943,0.626,1.13300653397439e-13,11,Rps27a
Ms4a6c2,1.10863536839909e-17,1.47637149943055,0.295,0.078,1.79321770838553e-13,11,Ms4a6c
H2afz2,1.30995764942264e-17,1.64143557604488,0.344,0.103,2.11885649794111e-13,11,H2afz
Rps123,1.43178613208396e-17,1.13483639431034,0.852,0.469,2.31591406864581e-13,11,Rps12
S100a42,2.06705768906777e-17,1.31599544191533,0.311,0.086,3.34346581206712e-13,11,S100a4
Eif3a,2.19330650065848e-17,1.11170889986486,0.41,0.131,3.54767326481509e-13,11,Eif3a
Rps83,2.23112018929577e-17,0.780306085619386,0.918,0.477,3.60883690618591e-13,11,Rps8
Rps4x3,2.81090490986773e-17,0.755119170745916,0.869,0.47,4.54663869171106e-13,11,Rps4x
Ctsz,3.77294158723055e-17,1.62005972740184,0.287,0.077,6.10273301734542e-13,11,Ctsz
Naca3,3.8670770346188e-17,1.23655406349828,0.549,0.221,6.2549971034959e-13,11,Naca
Tmem258,5.54125691594245e-17,1.45326730224507,0.344,0.104,8.96298306153691e-13,11,Tmem258
Rpl224,5.54344093834562e-17,1.01306212595145,0.68,0.3,8.96651571777405e-13,11,Rpl22
Rpl153,7.08135831159112e-17,1.00661861750952,0.557,0.217,1.14540970689986e-12,11,Rpl15
Gas52,9.37899514915942e-17,1.23475490755638,0.492,0.181,1.51705246537654e-12,11,Gas5
Rplp04,9.45422291845375e-17,0.893748818245325,0.82,0.428,1.52922055705989e-12,11,Rplp0
Serbp14,1.04009210320247e-16,0.936715926319595,0.639,0.273,1.68234897693e-12,11,Serbp1
Npm13,1.0788028909491e-16,1.22194538195851,0.508,0.193,1.74496367611016e-12,11,Npm1
Rpl144,1.1070101156513e-16,0.851482852060274,0.844,0.429,1.79058886206597e-12,11,Rpl14
Hspa52,1.29952027431601e-16,1.47213125642831,0.459,0.175,2.10197404370615e-12,11,Hspa5
Cops9,1.58942256388416e-16,1.50862039923762,0.295,0.083,2.57089099708264e-12,11,Cops9
Rpl7a4,1.67877481248967e-16,1.02627375443749,0.656,0.287,2.71541825920204e-12,11,Rpl7a
Psmb82,1.87910560293776e-16,1.09636569118772,0.475,0.173,3.03945331275183e-12,11,Psmb8
Ywhae,2.01145207482129e-16,1.45506649086568,0.311,0.091,3.25352373102344e-12,11,Ywhae
Atp5g3,2.95026212799014e-16,1.61360376966534,0.27,0.073,4.77204899202406e-12,11,Atp5g3
Rps283,3.06104578710146e-16,0.98407161245565,0.762,0.386,4.95124156063662e-12,11,Rps28
Rassf42,3.33555315074855e-16,1.41335105968223,0.254,0.065,5.39525722133579e-12,11,Rassf4
Atp5c11,3.57747682219267e-16,1.33291887188523,0.41,0.143,5.78656875989664e-12,11,Atp5c1
Rpl264,4.91899679688501e-16,0.765593403727705,0.893,0.502,7.95647731896151e-12,11,Rpl26
Rpl413,8.28690651867665e-16,0.848896198653784,0.885,0.531,1.34040712939595e-11,11,Rpl41
Nap1l11,1.06302259191163e-15,1.11079195794408,0.393,0.131,1.71943904241706e-11,11,Nap1l1
Rps252,1.32609316192395e-15,0.921074871221304,0.811,0.469,2.14495568941199e-11,11,Rps25
Cox7c1,1.42731014655602e-15,1.20566050919923,0.443,0.163,2.30867416205436e-11,11,Cox7c
Rps143,1.73275206242495e-15,0.728950150633506,0.951,0.643,2.80272646097236e-11,11,Rps14
Srsf3,1.73538748719095e-15,1.20052771911636,0.328,0.1,2.80698926053136e-11,11,Srsf3
Rpsa3,2.12747666372584e-15,0.897638099513173,0.754,0.364,3.44119350357654e-11,11,Rpsa
Emp33,3.1008051641699e-15,1.18910132515553,0.352,0.114,5.01555235304482e-11,11,Emp3
Ndufb8,3.77979838637331e-15,1.48318194148748,0.254,0.069,6.11382388995883e-11,11,Ndufb8
Canx2,4.16653587187775e-15,1.19337435170629,0.352,0.114,6.73937177276225e-11,11,Canx
Tagln21,8.46398946679371e-15,1.29377951403076,0.377,0.13,1.36905029625388e-10,11,Tagln2
Srsf11,9.135614887517e-15,1.11651961468705,0.377,0.127,1.47768570805588e-10,11,Srsf11
Rpl354,1.00738089840054e-14,0.901812040001647,0.68,0.313,1.62943860316288e-10,11,Rpl35
Rpl194,1.19435517899934e-14,0.682299747126604,0.836,0.411,1.93186950203144e-10,11,Rpl19
Eef1b22,1.39862783899906e-14,0.976346926809212,0.541,0.223,2.26228052958099e-10,11,Eef1b2
Rps33,2.1139418936501e-14,0.638402188525105,0.918,0.545,3.41930101297903e-10,11,Rps3
Hspa84,2.13660026467662e-14,1.2120388476915,0.566,0.271,3.45595092811444e-10,11,Hspa8
Rps63,3.33226304653571e-14,0.884018948217841,0.77,0.398,5.38993547777151e-10,11,Rps6
Rpl364,5.13416091135707e-14,0.775037375257677,0.705,0.317,8.30450527412006e-10,11,Rpl36
Set1,5.5777789935375e-14,1.2422194105566,0.344,0.117,9.0220575220469e-10,11,Set
Btf3,5.7889939479126e-14,1.28002533825718,0.352,0.122,9.36369771074862e-10,11,Btf3
Rps183,7.77324254771043e-14,0.751049555037437,0.828,0.438,1.25732198209216e-09,11,Rps18
Cox4i12,8.44740666616576e-14,0.93168155330109,0.648,0.31,1.36636802825231e-09,11,Cox4i1
Rps3a13,1.16431600991264e-13,0.733048791774541,0.877,0.496,1.88328114603369e-09,11,Rps3a1
Npc22,1.21228704812164e-13,1.07038764812827,0.451,0.178,1.96087430033675e-09,11,Npc2
Cox6c4,1.45095420136454e-13,1.06701424368092,0.475,0.194,2.34691842070715e-09,11,Cox6c
Rpl44,1.45360407885565e-13,0.689949953670714,0.869,0.485,2.35120459754902e-09,11,Rpl4
Rps214,1.69697831272266e-13,0.742217368744501,0.713,0.343,2.7448624208289e-09,11,Rps2
Sub11,1.93794348470613e-13,1.12810643686994,0.459,0.187,3.13462358651216e-09,11,Sub1
Hnrnpa2b14,2.31252514121327e-13,0.832658540583801,0.648,0.305,3.74050941591247e-09,11,Hnrnpa2b1
Cd2ap,2.52460017055209e-13,1.10488903856587,0.27,0.08,4.083540775868e-09,11,Cd2ap
Rps15a3,5.3772908319561e-13,0.61255079764341,0.918,0.533,8.69776792068899e-09,11,Rps15a
Snrpg,6.08514496564276e-13,1.66117791275704,0.32,0.113,9.84272198192716e-09,11,Snrpg
Rpl27a3,7.05646286058198e-13,0.692332413976147,0.836,0.456,1.14138286769913e-08,11,Rpl27a
Ctss2,7.46327914182027e-13,0.821757924399958,0.516,0.214,1.20718540118943e-08,11,Ctss
Rpl343,1.06618959525341e-12,0.696127902286237,0.836,0.479,1.7245616703224e-08,11,Rpl34
Anp32b,1.84580501800259e-12,1.2725453454604,0.287,0.093,2.98558961661919e-08,11,Anp32b
Rpl53,1.91005168614007e-12,0.722415336343166,0.73,0.366,3.08950860233157e-08,11,Rpl5
H2-Aa2,1.94803026137305e-12,1.17909434268414,0.574,0.284,3.15093894777091e-08,11,H2-Aa
Spcs2,2.0641189980585e-12,1.08386132113791,0.328,0.114,3.33871247935963e-08,11,Spcs2
Eef1a13,2.18810824127526e-12,0.68153715913849,0.869,0.521,3.53926508026274e-08,11,Eef1a1
Atp5h2,2.8656140230389e-12,1.15312755591964,0.393,0.156,4.63513068226542e-08,11,Atp5h
Rps53,3.81178676314319e-12,0.609039795669725,0.869,0.511,6.16556508938411e-08,11,Rps5
Rpl273,4.86540747168986e-12,0.7221547853506,0.738,0.386,7.86979658545836e-08,11,Rpl27
Rplp23,5.627377234503e-12,0.611138898959993,0.852,0.494,9.1022826768086e-08,11,Rplp2
Ndufb1-ps1,5.64626555579756e-12,1.3620083734371,0.361,0.14,9.13283453650255e-08,11,Ndufb1-ps
Rpl23a4,6.30581588964906e-12,0.691038420703587,0.811,0.457,1.01996572015074e-07,11,Rpl23a
Rpl393,1.14901206488483e-11,0.755284302366588,0.721,0.385,1.85852701495121e-07,11,Rpl39
Atp5a1,1.37082294691635e-11,1.15003898118028,0.311,0.11,2.21730611663719e-07,11,Atp5a1
mt-Nd13,1.77170539586065e-11,0.785407825218678,0.631,0.316,2.8657334778046e-07,11,mt-Nd1
Mapre1,1.90599071591357e-11,1.30735750258965,0.254,0.082,3.08293998299019e-07,11,Mapre1
H2-Ab12,2.05465579813703e-11,1.34922406169285,0.59,0.314,3.32340575348665e-07,11,H2-Ab1
Tacc1,2.14928629332288e-11,1.31553253653485,0.262,0.086,3.47647057944976e-07,11,Tacc1
Bzw1,2.21206151960691e-11,1.20611074155307,0.32,0.117,3.57800950796418e-07,11,Bzw1
Rpl36al,3.33299556980883e-11,1.43490882974684,0.262,0.088,5.39112033416578e-07,11,Rpl36al
Rpl384,3.47361126761302e-11,0.665354319601702,0.672,0.334,5.61856622536407e-07,11,Rpl38
Gpx14,3.62855914772872e-11,0.517851720266591,0.836,0.473,5.8691944214512e-07,11,Gpx1
Atp5e2,4.04100926162167e-11,0.847270457273001,0.451,0.194,6.53633248067305e-07,11,Atp5e
Rpl133,4.69203799003256e-11,0.552848157778399,0.902,0.563,7.58937144887767e-07,11,Rpl13
Atp5j2,5.04819098786335e-11,1.02819990189976,0.336,0.127,8.16544892286896e-07,11,Atp5j2
Psmb12,5.88787068685604e-11,0.840805438531821,0.426,0.179,9.52363083598965e-07,11,Psmb1
Oaz11,6.37954189366814e-11,0.834499071105151,0.541,0.256,1.03189090130082e-06,11,Oaz1
Prdx12,6.64818605064992e-11,1.21159331304666,0.262,0.088,1.07534409369263e-06,11,Prdx1
Rpl113,8.72118811731973e-11,0.605373291872634,0.779,0.436,1.41065217797647e-06,11,Rpl11
Rps162,8.87080067092317e-11,0.561173920756654,0.885,0.558,1.43485200852182e-06,11,Rps16
Atox12,1.08916859655965e-10,0.978538342184648,0.361,0.142,1.76173020493524e-06,11,Atox1
Rpl22l12,1.31274365747885e-10,1.01666915534387,0.393,0.163,2.12336286597204e-06,11,Rpl22l1
Rpl14-ps1,1.46483941082371e-10,1.12126082141848,0.27,0.093,2.36937774700735e-06,11,Rpl14-ps1
Rpl35a3,1.48837607532064e-10,0.611041063689407,0.795,0.445,2.40744830183113e-06,11,Rpl35a
Rps203,1.7197428654076e-10,0.596718856443351,0.762,0.42,2.78168408479679e-06,11,Rps20
Ncl3,2.29758210478664e-10,0.773405351900685,0.475,0.21,3.71633905449239e-06,11,Ncl
Rpl173,3.71349918527782e-10,0.65267950423056,0.828,0.519,6.00658493218688e-06,11,Rpl17
Rps243,3.71903324593378e-10,0.519922047945227,0.885,0.547,6.01553627529788e-06,11,Rps24
Rpl233,3.71940875956879e-10,0.551764645478899,0.803,0.447,6.01614366860252e-06,11,Rpl23
Uqcr10,4.09795182335265e-10,1.29862216075922,0.27,0.097,6.62843707427291e-06,11,Uqcr10
Atp5d,4.23263541482274e-10,1.08056416377495,0.279,0.101,6.84628778347578e-06,11,Atp5d
Dek,4.76650538177511e-10,1.12233815639896,0.279,0.101,7.70982245502125e-06,11,Dek
Rps293,7.13186528568393e-10,0.532516011294708,0.877,0.578,1.15357920995938e-05,11,Rps29
Rps234,8.35362508783447e-10,0.597180860495608,0.811,0.491,1.35119885795722e-05,11,Rps23
Ndufa41,1.04467355196784e-09,0.835179328925314,0.27,0.096,1.68975947030798e-05,11,Ndufa4
Dynll1,1.09805532256976e-09,1.12162788198607,0.27,0.099,1.77610448425658e-05,11,Dynll1
Rps133,2.5277758960798e-09,0.51582193142343,0.836,0.496,4.08867751190907e-05,11,Rps13
Plbd15,2.80894416080045e-09,1.45744499544619,0.336,0.147,4.54346718009473e-05,11,Plbd1
Mtdh,2.97150488616176e-09,0.830194634692303,0.303,0.117,4.80640915336665e-05,11,Mtdh
Chchd2,3.55979137813083e-09,0.953981814078918,0.41,0.188,5.75796255412662e-05,11,Chchd2
Erp291,3.66446443240423e-09,1.13708572770253,0.279,0.108,5.92727121941384e-05,11,Erp29
Eif3c,3.90829695328443e-09,0.727950189540105,0.328,0.132,6.32167032193757e-05,11,Eif3c
Rpl303,4.20793781564685e-09,0.584995441002108,0.697,0.39,6.80633941680878e-05,11,Rpl30
Minos1,5.91706918611667e-09,1.18215086422784,0.254,0.094,9.57085940854371e-05,11,Minos1
Hspa4,6.56934442063002e-09,0.767735338601326,0.27,0.1,0.000106259146003691,11,Hspa4
Ly6c22,7.11222973720279e-09,1.41282431268444,0.32,0.138,0.000115040315999255,11,Ly6c2
Atp5j1,9.20226572347541e-09,0.857503149849455,0.336,0.141,0.000148846648077215,11,Atp5j
CT010467.1,9.51220196464889e-09,0.91220452836386,0.27,0.103,0.000153859866778196,11,CT010467.1
Eif3k1,1.35521395116313e-08,0.844532467872681,0.311,0.127,0.000219205856600636,11,Eif3k
Slc25a52,1.40566231345585e-08,0.850681133099388,0.426,0.207,0.000227365879201484,11,Slc25a5
Wdr892,1.50388524752553e-08,0.786419732453425,0.369,0.164,0.000243253438787254,11,Wdr89
Rpl83,1.83333924394347e-08,0.515699926690043,0.779,0.448,0.000296542622707857,11,Rpl8
Psma21,2.42429809683989e-08,0.887830814509744,0.32,0.133,0.000392130217163853,11,Psma2
H2-Eb12,2.46759313895575e-08,1.18031183680535,0.459,0.238,0.000399133190226093,11,H2-Eb1
Zfp7061,2.49735236827653e-08,0.619635797474396,0.262,0.098,0.000403946745568729,11,Zfp706
Atp5f11,2.6866196521514e-08,0.763798716257059,0.402,0.185,0.000434560728735488,11,Atp5f1
Bnip2,2.79336568223875e-08,0.911877702258759,0.262,0.102,0.000451826899102118,11,Bnip2
Fgfr1op2,3.33518602118587e-08,0.880697435092214,0.352,0.157,0.000539466338926814,11,Fgfr1op2
Fkbp31,4.03037568043736e-08,1.07457861597611,0.262,0.104,0.000651913266310744,11,Fkbp3
Cd473,4.57827145487901e-08,0.573469688787041,0.582,0.311,0.000740535407826681,11,Cd47
Gnas3,5.13703617061682e-08,0.619987963777378,0.434,0.208,0.000830915600597271,11,Gnas
Sec11c1,5.14794586343565e-08,0.827258056651578,0.311,0.13,0.000832680243410717,11,Sec11c
Cox7a21,6.63162238244172e-08,1.09936670340872,0.32,0.141,0.00107266492035995,11,Cox7a2
Xrn22,7.36890023552228e-08,0.743431018783225,0.311,0.133,0.00119191961309573,11,Xrn2
Dnajc7,7.72377180069836e-08,0.958813349411987,0.262,0.106,0.00124932008876296,11,Dnajc7
Eif5a1,7.9307396220345e-08,1.11873753513763,0.295,0.127,0.00128279713386408,11,Eif5a
Gdi21,1.22387903601172e-07,0.853579484167429,0.352,0.161,0.00197962434074895,11,Gdi2
Rpl73,1.38981553155463e-07,0.552222139038623,0.656,0.381,0.00224802662228961,11,Rpl7
Tmsb103,1.39110430088478e-07,0.620956543722972,0.656,0.386,0.00225011120668114,11,Tmsb10
Hnrnpa32,1.45158349219095e-07,0.586645146095756,0.328,0.143,0.00234793629861886,11,Hnrnpa3
Srsf2,1.49470848214137e-07,0.674354793403726,0.262,0.105,0.00241769096986367,11,Srsf2
Cox6a13,1.67154545422649e-07,0.752498650754708,0.385,0.186,0.00270372477221135,11,Cox6a1
2410006H16Rik,2.17322103402573e-07,0.734343002347566,0.303,0.131,0.00351518502253662,11,2410006H16Rik
Pabpc13,2.27313499819423e-07,0.569107949061007,0.779,0.509,0.00367679585957916,11,Pabpc1
Nars,2.43836436618574e-07,0.77339123767086,0.27,0.112,0.00394405436230544,11,Nars
Slk2,2.76754980135187e-07,0.689636222688511,0.32,0.144,0.00447651180368664,11,Slk
Rpl292,2.94369865128203e-07,0.67643738321794,0.426,0.216,0.00476143256844868,11,Rpl29
Eif3f3,3.19358294844365e-07,0.649864438515525,0.41,0.204,0.00516562041910761,11,Eif3f
Ndufa7,3.43562880358703e-07,0.819385669760459,0.27,0.115,0.00555712958980202,11,Ndufa7
Rpl63,3.45182130189331e-07,0.554246123255544,0.615,0.356,0.00558332095581242,11,Rpl6
Csnk1a12,6.75913492980824e-07,0.684602856132476,0.336,0.157,0.0109329007489648,11,Csnk1a1
Nap1l4,8.14121589128102e-07,0.668907017411799,0.262,0.11,0.0131684167041471,11,Nap1l4
Gm10076,8.31049472114331e-07,0.774948333623585,0.254,0.107,0.0134422252114493,11,Gm10076
Psme1,8.72678164496046e-07,0.71401556916252,0.287,0.127,0.0141155693107235,11,Psme1
Tomm7,9.51355128322308e-07,0.717617541822352,0.295,0.132,0.0153881692006133,11,Tomm7
Zc3h7a,1.03493433957071e-06,0.726912823731017,0.254,0.108,0.0167400629425563,11,Zc3h7a
Ndufa61,1.34938926700387e-06,0.753212635784279,0.32,0.15,0.0218263713937875,11,Ndufa6
Hnrnpc,1.49250437691239e-06,0.654275555499845,0.434,0.231,0.0241412582965579,11,Hnrnpc
Rpl13a2,1.63979076478676e-06,0.583524298981841,0.393,0.199,0.0265236156204258,11,Rpl13a
Nedd8,1.75135761865974e-06,0.790518688519274,0.254,0.108,0.0283282094818212,11,Nedd8
Cyth41,2.08395438493037e-06,0.855470864209974,0.279,0.127,0.0337079621762488,11,Cyth4
Atp5b,2.29217781621522e-06,0.800818034840559,0.262,0.117,0.0370759761772812,11,Atp5b
Dnajc8,2.40876714048822e-06,0.835187149302185,0.295,0.134,0.038961808497397,11,Dnajc8
Tmed101,2.7991499410089e-06,0.852770121861993,0.295,0.138,0.045276250295819,11,Tmed10
Laptm52,3.00290585672204e-06,0.554364669475998,0.615,0.391,0.0485720022324789,11,Laptm5
Cox6b13,3.31968199478024e-06,0.643941791423227,0.361,0.182,0.0536958562655703,11,Cox6b1
Rbx1,3.79550909983479e-06,0.677956519459723,0.279,0.128,0.0613923596898277,11,Rbx1
Eif3h1,4.12430811089281e-06,0.786566378517523,0.27,0.125,0.0667106836936913,11,Eif3h
Timm10b,8.85502529374388e-06,0.628993589986331,0.254,0.114,0.143230034126307,11,Timm10b
G3bp21,9.3859564016907e-06,0.554851937502783,0.328,0.161,0.151817844797347,11,G3bp2
Fus,1.06275348560723e-05,0.545801279306696,0.287,0.134,0.17190037629697,11,Fus
Hmgb12,1.16575469115875e-05,0.620366631768474,0.336,0.172,0.188560821294929,11,Hmgb1
Cox17,2.07149491554652e-05,0.57102429794862,0.262,0.123,0.33506430258965,11,Cox17
S100a104,2.16877515748816e-05,0.985601189286664,0.27,0.132,0.35079938172371,11,S100a10
Cpne31,2.59121142185004e-05,0.777033211391437,0.295,0.148,0.419128447484244,11,Cpne3
Rap1a3,3.51553737910309e-05,0.550337522630869,0.287,0.141,0.568638171069924,11,Rap1a
Ccnl1,4.43200980917893e-05,0.536619675266148,0.27,0.131,0.716877586634692,11,Ccnl1
Elob,9.83746671755491e-05,0.585902191841298,0.287,0.149,1,11,Elob
Ldha1,0.000596440202116757,0.512943631443134,0.27,0.15,1,11,Ldha
Clta1,0.00306747832616063,0.520147069017411,0.27,0.164,1,11,Clta
Ccr3,0,11.1587480665228,0.382,0.001,0,12,Ccr3
F5,3.81232585563874e-100,7.14553164802868,0.441,0.014,6.16643707149566e-96,12,F5
Syne11,1.73332231678376e-36,4.77219991486365,0.5,0.05,2.80364884739774e-32,12,Syne1
Gapt,1.87288937120061e-23,4.87692430932339,0.265,0.021,3.02939855791699e-19,12,Gapt
Gm424183,1.51526957817813e-19,3.09822650213522,0.941,0.501,2.45094854270313e-15,12,Gm42418
Phf20l11,3.00093329930506e-19,3.56502842884585,0.618,0.147,4.85400961162594e-15,12,Phf20l1
Tmem71,7.94337327880098e-15,3.9169556522436,0.441,0.091,1.28484062784606e-10,12,Tmem71
Ccl65,5.32973201960968e-14,1.90191199596945,0.882,0.392,8.62084154171865e-10,12,Ccl6
Cd24a2,4.33438673035539e-13,3.10195532592951,0.559,0.169,7.01087053634984e-09,12,Cd24a
Grk2,1.52942021110866e-12,3.50770509869962,0.412,0.09,2.47383719146826e-08,12,Grk2
Neat1,9.46070395062696e-11,3.49640209857237,0.412,0.106,1.53026886401391e-06,12,Neat1
Retnlg4,7.33387350961817e-09,1.13674281231442,0.941,0.462,0.000118625404018074,12,Retnlg
Apobr,8.27724188412828e-09,3.34102549492673,0.265,0.053,0.000133884387475775,12,Apobr
Serinc3,1.04318754004372e-07,3.1024354455199,0.353,0.103,0.00168735584602072,12,Serinc3
Taok3,1.60142300870018e-07,2.91739210714946,0.294,0.074,0.00259030171657255,12,Taok3
Eloa,7.63450431890322e-07,3.02110332190815,0.294,0.081,0.012348810735826,12,Eloa
Calm23,8.28217071259538e-07,2.43549907909527,0.5,0.232,0.013396411127623,12,Calm2
Man2b1,1.75854870048448e-06,2.65092962730664,0.294,0.084,0.0284445252303364,12,Man2b1
Lbr3,2.37024158861867e-06,2.60990653521984,0.382,0.142,0.038338657695907,12,Lbr
Creg12,5.79072708052227e-06,2.87051345184454,0.294,0.092,0.0936650105274477,12,Creg1
Itgam1,1.39549114636852e-05,2.51977842594512,0.324,0.114,0.225720692925108,12,Itgam
Itga42,1.61079963161038e-05,2.84912655150782,0.324,0.116,0.260546840412979,12,Itga4
Pla2g74,5.97431675929324e-05,1.74602471238786,0.5,0.262,0.966345735815682,12,Pla2g7
Rflnb1,7.93188974266096e-05,2.31600405059378,0.353,0.154,1,12,Rflnb
Cyp4f183,0.000319225756831446,2.25782833893154,0.324,0.142,1,12,Cyp4f18
Rgs25,0.00039565061669389,1.7829711440571,0.471,0.279,1,12,Rgs2
Mcl14,0.000655862304240148,1.52162311100638,0.529,0.348,1,12,Mcl1
Btg21,0.00116171102042133,1.76247125669086,0.324,0.155,1,12,Btg2
Txnip2,0.00118250716516507,2.05147732122929,0.324,0.161,1,12,Txnip
Myh91,0.00125449854223084,1.9303572646884,0.353,0.184,1,12,Myh9
Slfn23,0.00217015167111611,0.972742896935205,0.618,0.479,1,12,Slfn2
Lrrfip13,0.00232850952300417,2.04926113020672,0.294,0.143,1,12,Lrrfip1
Cdc422,0.00265137426762101,1.22814611360406,0.559,0.465,1,12,Cdc42
Cox171,0.00309720617824239,1.98881658000551,0.265,0.124,1,12,Cox17
Arpc52,0.00336509168426442,1.43870244338985,0.559,0.473,1,12,Arpc5
mt-Rnr13,0.00530009936567747,1.07118896613658,0.824,0.783,1,12,mt-Rnr1
Arhgap45,0.00557829633760626,1.84384063271417,0.294,0.156,1,12,Arhgap45
Laptm53,0.0056896105301665,1.42289995066588,0.5,0.392,1,12,Laptm5
Nipbl,0.00617811692078197,1.62265979117609,0.353,0.206,1,12,Nipbl
Ddx51,0.0062189393313338,0.649545019620811,0.647,0.574,1,12,Ddx5
Atp6v0b1,0.00640416705033311,1.92124725182083,0.265,0.133,1,12,Atp6v0b
Ncf12,0.00827281977184237,2.08420805632666,0.294,0.164,1,12,Ncf1
